{"frames": {

"car_04_decal_00_00.png":
{
	"frame": {"x":2,"y":2,"w":296,"h":142},
	"rotated": false,
	"trimmed": true,
	"spriteSourceSize": {"x":32,"y":88,"w":296,"h":142},
	"sourceSize": {"w":360,"h":280}
},
"car_04_decal_00_01.png":
{
	"frame": {"x":2,"y":146,"w":262,"h":186},
	"rotated": false,
	"trimmed": true,
	"spriteSourceSize": {"x":48,"y":52,"w":262,"h":186},
	"sourceSize": {"w":360,"h":280}
},
"car_04_decal_00_02.png":
{
	"frame": {"x":2,"y":334,"w":346,"h":160},
	"rotated": false,
	"trimmed": true,
	"spriteSourceSize": {"x":6,"y":110,"w":346,"h":160},
	"sourceSize": {"w":360,"h":280}
}},
"meta": {
	"app": "http://www.codeandweb.com/texturepacker",
	"version": "1.0",
	"image": "car_04_decal_00.png",
	"format": "RGBA8888",
	"size": {"w":512,"h":512},
	"scale": "1",
	"smartupdate": "$TexturePacker:SmartUpdate:6b9baf72b1b211f02c1c44fe70f7b4a5:aafbee43f4ce964dcfce527e92eeca3d:f69d5b62f573695e3c1d4042b0e0a35c$"
}
}
