{"frames": {

"car_04_decal_04_00.png":
{
	"frame": {"x":2,"y":2,"w":296,"h":142},
	"rotated": false,
	"trimmed": true,
	"spriteSourceSize": {"x":32,"y":88,"w":296,"h":142},
	"sourceSize": {"w":360,"h":280}
},
"car_04_decal_04_01.png":
{
	"frame": {"x":2,"y":146,"w":262,"h":186},
	"rotated": false,
	"trimmed": true,
	"spriteSourceSize": {"x":48,"y":52,"w":262,"h":186},
	"sourceSize": {"w":360,"h":280}
},
"car_04_decal_04_02.png":
{
	"frame": {"x":2,"y":334,"w":346,"h":160},
	"rotated": false,
	"trimmed": true,
	"spriteSourceSize": {"x":6,"y":110,"w":346,"h":160},
	"sourceSize": {"w":360,"h":280}
}},
"meta": {
	"app": "http://www.codeandweb.com/texturepacker",
	"version": "1.0",
	"image": "car_04_decal_04.png",
	"format": "RGBA8888",
	"size": {"w":512,"h":512},
	"scale": "1",
	"smartupdate": "$TexturePacker:SmartUpdate:fd5de496665cd64c03ce916b38e2aff7:48af57c7a4110d254d13605a2ef53364:45e76381224c9caa728e8fa32ebc9c33$"
}
}
