{
	"alpha": {
		"start": 0.1,
		"end": 0
	},
	"scale": {
		"start": 3,
		"end": 4.4,
		"minimumScaleMultiplier": 2.0
	},
	"color": {
		"start": "#ffffff",
		"end": "#ffffff"
	},
	"speed": {
		"start": 40,
		"end": 0
	},
	"acceleration": {
		"x": 1,
		"y": -14
	},
	"startRotation": {
		"min": 0,
		"max": 360
	},
	"rotationSpeed": {
		"min": 0,
		"max": 20
	},
	"lifetime": {
		"min": 0.2,
		"max": 1.6
	},
	"blendMode": "normal",
	"frequency": 0.022,
	"emitterLifetime": -1,
	"maxParticles": 30,
	"pos": {
		"x": 0,
		"y": 0
	},
	"addAtBack": false,
	"spawnType": "point"
}