{
	"alpha": {
		"start": 1,
		"end": 0
	},
	"scale": {
		"start": 0.5,
		"end": 0.001,
		"minimumScaleMultiplier": 0.5
	},
	"color": {
		"start": "#ffffff",
		"end": "#999999"
	},
	"speed": {
		"start": 100,
		"end": 0
	},
	"acceleration": {
		"x": 0,
		"y": 200
	},
	"startRotation": {
		"min": 270,
		"max": 270
	},
	"rotationSpeed": {
		"min": 0,
		"max": 0
	},
	"lifetime": {
		"min": 0.2,
		"max": 0.6
	},
	"blendMode": "add",
	"frequency": 0.01,
	"emitterLifetime": 1.5,
	"maxParticles": 40,
	"pos": {
		"x": 0,
		"y": 0
	},
	"addAtBack": true,
	"spawnType": "rect",
	"spawnRect": {
		"x": -300,
		"y": -100,
		"w": 600,
		"h": 200
	}
}