{
	"alpha": {
		"start": 1,
		"end": 1
	},
	"scale": {
		"start": 0.6,
		"end": 0.6,
		"minimumScaleMultiplier": 1
	},
	"color": {
		"start": "#ffffff",
		"end": "#ffffff"
	},
	"speed": {
		"start": 220,
		"end": 50
	},
	"acceleration": {
		"x": 0,
		"y": 340
	},
	"startRotation": {
		"min": 0,
		"max": 360
	},
	"rotationSpeed": {
		"min": -300,
		"max": 300
	},
	"lifetime": {
		"min": 0.4,
		"max": 0.7
	},
	"blendMode": "normal",
	"frequency": 0.01,
	"emitterLifetime": 0.2,
	"maxParticles": 8,
	"pos": {
		"x": 0,
		"y": 0
	},
	"addAtBack": false,
	"spawnType": "circle",
	"spawnCircle": {
		"x": 0,
		"y": 0,
		"r": 0
	}
}