{
	"alpha": {
		"start": 0.26,
		"end": 0
	},
	"scale": {
		"start": 0.2,
		"end": 1.5,
		"minimumScaleMultiplier": 2
	},
	"color": {
		"start": "#ffffff",
		"end": "#ffffff"
	},
	"speed": {
		"start": 100,
		"end": 0
	},
	"acceleration": {
		"x": -608,
		"y": -300
	},
	"startRotation": {
		"min": 90,
		"max": 90
	},
	"rotationSpeed": {
		"min": 0,
		"max": 0
	},
	"lifetime": {
		"min": 0.2,
		"max": 1
	},
	"blendMode": "normal",
	"frequency": 0.001,
	"emitterLifetime": 1,
	"maxParticles": 100,
	"pos": {
		"x": 0,
		"y": 0
	},
	"addAtBack": true,
	"spawnType": "ring",
	"spawnCircle": {
		"x": 0,
		"y": 0,
		"r": 60,
		"minR": 0
	}
}