{"frames": {

"ui_cutscene_car_tk.png":
{
	"frame": {"x":1,"y":1,"w":601,"h":221},
	"rotated": false,
	"trimmed": true,
	"spriteSourceSize": {"x":12,"y":24,"w":601,"h":221},
	"sourceSize": {"w":658,"h":308}
}},
"meta": {
	"app": "http://www.codeandweb.com/texturepacker",
	"version": "1.0",
	"image": "cutscene_tk0.png",
	"format": "RGBA8888",
	"size": {"w":604,"h":224},
	"scale": "0.5",
	"smartupdate": "$TexturePacker:SmartUpdate:4b576dea5c453686b00d9b6778a58561:1e3937237efd0ac48480d862edfeadee:0088d97974d02b1dc60aa6e732b59215$"
}
}
