{"skeleton":{"hash":"McXBQBHUVV6awDUD/NYkP0QgJ+c","spine":"3.1.06","width":1035,"height":526,"images":"./images/"},"bones":[{"name":"root"},{"name":"body","parent":"root","x":-0.5,"y":104},{"name":"bone","parent":"root","x":38,"y":-1},{"name":"eyelids_bottom","parent":"body","x":36,"y":215},{"name":"eyelids_top","parent":"body","x":-13.4,"y":298.45},{"name":"eyes","parent":"body","x":-0.99,"y":216}],"slots":[{"name":"car_intro lightning_bottom","bone":"bone","attachment":"car_intro lightning_bottom"},{"name":"car_intro lightning_body","bone":"body","attachment":"car_intro lightning_body"},{"name":"car_intro lightning_eyes","bone":"eyes","attachment":"car_intro lightning_eyes"},{"name":"car_intro lightning_eyelids_bottom","bone":"eyelids_bottom","attachment":"car_intro lightning_eyelids_bottom"},{"name":"car_intro lightning_eyelids_open","bone":"eyelids_top","attachment":"car_intro lightning_eyelids_open"},{"name":"car_intro lightning_eyelids_closed","bone":"eyelids_top","attachment":"car_intro lightning_eyelids_closed"}],"skins":{"default":{"car_intro lightning_body":{"car_intro lightning_body":{"x":-78.99,"y":80.99,"width":921,"height":514}},"car_intro lightning_bottom":{"car_intro lightning_bottom":{"x":-166.5,"y":117,"width":1035,"height":400}},"car_intro lightning_eyelids_bottom":{"car_intro lightning_eyelids_bottom":{"x":-36.5,"y":-10.5,"width":304,"height":37}},"car_intro lightning_eyelids_closed":{"car_intro lightning_eyelids_closed":{"x":-12.59,"y":-53.45,"width":465,"height":138}},"car_intro lightning_eyelids_open":{"car_intro lightning_eyelids_open":{"x":1.4,"y":-12.95,"width":407,"height":63}},"car_intro lightning_eyes":{"car_intro lightning_eyes":{"x":-29.5,"y":11.99,"width":184,"height":62}}}},"animations":{"idle":{"slots":{"car_intro lightning_eyelids_closed":{"attachment":[{"time":0,"name":null},{"time":0.1666,"name":null},{"time":0.2,"name":"car_intro lightning_eyelids_closed"},{"time":0.3333,"name":null},{"time":1.8,"name":null},{"time":1.8333,"name":"car_intro lightning_eyelids_closed"},{"time":1.9666,"name":null},{"time":3.6,"name":null},{"time":3.6333,"name":"car_intro lightning_eyelids_closed"},{"time":3.7666,"name":null},{"time":9.6,"name":null},{"time":10,"name":null}]}},"bones":{"eyes":{"rotate":[{"time":0,"angle":0,"curve":"stepped"},{"time":9.6,"angle":0,"curve":"stepped"},{"time":10,"angle":0}],"translate":[{"time":0,"x":0,"y":0,"curve":"stepped"},{"time":0.3,"x":0,"y":0,"curve":[0.25,0,0.75,1]},{"time":0.3666,"x":54.52,"y":6.64,"curve":"stepped"},{"time":1.9333,"x":54.52,"y":6.64},{"time":2,"x":-5.17,"y":47.34,"curve":"stepped"},{"time":2.2666,"x":-5.17,"y":47.34,"curve":[0.25,0,0.75,1]},{"time":3,"x":37.38,"y":48.67,"curve":"stepped"},{"time":3.6,"x":37.38,"y":48.67},{"time":3.6666,"x":54.52,"y":6.64,"curve":"stepped"},{"time":5.3333,"x":54.52,"y":6.64},{"time":5.4,"x":-10.49,"y":0.84,"curve":"stepped"},{"time":7.7,"x":-10.49,"y":0.84},{"time":7.7666,"x":37.33,"y":-1.54,"curve":"stepped"},{"time":9.8333,"x":37.33,"y":-1.54},{"time":9.9,"x":0,"y":0,"curve":"stepped"},{"time":10,"x":0,"y":0}],"scale":[{"time":0,"x":1,"y":1,"curve":"stepped"},{"time":9.6,"x":1,"y":1,"curve":"stepped"},{"time":10,"x":1,"y":1}]},"root":{"rotate":[{"time":0,"angle":0,"curve":"stepped"},{"time":0.1666,"angle":0,"curve":"stepped"},{"time":9.6,"angle":0,"curve":"stepped"},{"time":10,"angle":0}],"translate":[{"time":0,"x":0,"y":0,"curve":"stepped"},{"time":0.1666,"x":0,"y":0,"curve":"stepped"},{"time":9.6,"x":0,"y":0,"curve":"stepped"},{"time":10,"x":0,"y":0}],"scale":[{"time":0,"x":1,"y":1,"curve":"stepped"},{"time":0.1666,"x":1,"y":1,"curve":"stepped"},{"time":9.6,"x":1,"y":1,"curve":"stepped"},{"time":10,"x":1,"y":1}]},"eyelids_top":{"rotate":[{"time":0,"angle":0,"curve":"stepped"},{"time":0.1666,"angle":0,"curve":"stepped"},{"time":0.3333,"angle":0,"curve":"stepped"},{"time":1.8,"angle":0,"curve":"stepped"},{"time":1.9666,"angle":0,"curve":"stepped"},{"time":3.6,"angle":0,"curve":"stepped"},{"time":3.7666,"angle":0,"curve":"stepped"},{"time":9.6,"angle":0,"curve":"stepped"},{"time":10,"angle":0}],"translate":[{"time":0,"x":0,"y":1.33},{"time":0.1666,"x":0,"y":0},{"time":0.2,"x":3.98,"y":5.4},{"time":0.2333,"x":0,"y":2.68,"curve":"stepped"},{"time":0.3,"x":0,"y":2.68},{"time":0.3333,"x":0,"y":2.66},{"time":0.3666,"x":0,"y":1.33},{"time":1.8,"x":0,"y":0},{"time":1.8333,"x":3.98,"y":5.4},{"time":1.8666,"x":0,"y":2.68,"curve":"stepped"},{"time":1.9333,"x":0,"y":2.68},{"time":1.9666,"x":0,"y":2.66},{"time":2,"x":0,"y":1.33},{"time":3.6,"x":0,"y":0},{"time":3.6333,"x":3.98,"y":5.4},{"time":3.6666,"x":0,"y":2.68,"curve":"stepped"},{"time":3.7333,"x":0,"y":2.68},{"time":3.7666,"x":0,"y":2.66},{"time":3.8,"x":0,"y":1.33,"curve":"stepped"},{"time":9.6,"x":0,"y":1.33,"curve":"stepped"},{"time":10,"x":0,"y":1.33}],"scale":[{"time":0,"x":0.973,"y":1.079,"curve":"stepped"},{"time":0.1666,"x":0.973,"y":1.079},{"time":0.2,"x":0.906,"y":0.651},{"time":0.2333,"x":0.979,"y":0.998,"curve":"stepped"},{"time":0.3,"x":0.979,"y":0.998},{"time":0.3333,"x":0.96,"y":0.68},{"time":0.3666,"x":0.973,"y":1.079,"curve":"stepped"},{"time":1.8,"x":0.973,"y":1.079},{"time":1.8333,"x":0.906,"y":0.651},{"time":1.8666,"x":0.979,"y":0.998,"curve":"stepped"},{"time":1.9333,"x":0.979,"y":0.998},{"time":1.9666,"x":0.96,"y":0.68},{"time":2,"x":0.973,"y":1.079,"curve":"stepped"},{"time":3.6,"x":0.973,"y":1.079},{"time":3.6333,"x":0.906,"y":0.651},{"time":3.6666,"x":0.979,"y":0.998,"curve":"stepped"},{"time":3.7333,"x":0.979,"y":0.998},{"time":3.7666,"x":0.96,"y":0.68},{"time":3.8,"x":0.973,"y":1.079,"curve":"stepped"},{"time":9.6,"x":0.973,"y":1.079,"curve":"stepped"},{"time":10,"x":0.973,"y":1.079}]},"eyelids_bottom":{"rotate":[{"time":0,"angle":0,"curve":"stepped"},{"time":9.6,"angle":0,"curve":"stepped"},{"time":10,"angle":0}],"translate":[{"time":0,"x":0,"y":0,"curve":"stepped"},{"time":9.6,"x":0,"y":0,"curve":"stepped"},{"time":10,"x":0,"y":0}],"scale":[{"time":0,"x":1,"y":1,"curve":"stepped"},{"time":9.6,"x":1,"y":1,"curve":"stepped"},{"time":10,"x":1,"y":1}]},"body":{"rotate":[{"time":0,"angle":0,"curve":"stepped"},{"time":0.1666,"angle":0,"curve":[0.25,0,0.75,1]},{"time":0.3666,"angle":1.68,"curve":"stepped"},{"time":1.8,"angle":1.68,"curve":[0.25,0,0.75,1]},{"time":2,"angle":0,"curve":"stepped"},{"time":5.2333,"angle":0,"curve":"stepped"},{"time":5.3,"angle":0,"curve":[0.25,0,0.75,1]},{"time":5.4333,"angle":-6.8,"curve":[0.374,0.61,0.715,1]},{"time":5.5666,"angle":-5.24,"curve":"stepped"},{"time":7.6666,"angle":-5.24,"curve":[0.25,0,0.75,1]},{"time":7.9,"angle":2.88,"curve":[0.251,0.56,0.541,1]},{"time":8.0333,"angle":1.68,"curve":"stepped"},{"time":9.7666,"angle":1.68,"curve":[0.25,0,0.75,1]},{"time":9.9,"angle":0,"curve":"stepped"},{"time":10,"angle":0}],"translate":[{"time":0,"x":0,"y":0,"curve":"stepped"},{"time":0.1666,"x":0,"y":0},{"time":0.2666,"x":0,"y":-3.98},{"time":0.3666,"x":0,"y":0,"curve":"stepped"},{"time":1.8,"x":0,"y":0},{"time":1.9,"x":0,"y":-3.98},{"time":2,"x":0,"y":15.95,"curve":"stepped"},{"time":3.5666,"x":0,"y":15.95},{"time":3.6666,"x":1.06,"y":6.64},{"time":3.7666,"x":0,"y":15.95,"curve":"stepped"},{"time":5.2333,"x":0,"y":15.95},{"time":5.3333,"x":1.06,"y":6.64},{"time":5.4333,"x":5.32,"y":15.95,"curve":"stepped"},{"time":7.6666,"x":5.32,"y":15.95},{"time":7.9,"x":0,"y":15.95,"curve":"stepped"},{"time":9.7666,"x":0,"y":15.95,"curve":[0.25,0,0.75,1]},{"time":9.9,"x":0,"y":-11.96,"curve":[0.25,0,0.75,1]},{"time":10,"x":0,"y":0}],"scale":[{"time":0,"x":1,"y":1,"curve":"stepped"},{"time":0.1666,"x":1,"y":1},{"time":0.2666,"x":1,"y":0.96},{"time":0.3666,"x":1,"y":1,"curve":"stepped"},{"time":1.8,"x":1,"y":1},{"time":1.9,"x":1,"y":0.96},{"time":2,"x":1,"y":1,"curve":"stepped"},{"time":3.5666,"x":1,"y":1},{"time":3.6666,"x":1,"y":0.96},{"time":3.7666,"x":1,"y":1,"curve":"stepped"},{"time":5.2333,"x":1,"y":1},{"time":5.3333,"x":1,"y":0.96},{"time":5.4333,"x":1,"y":1,"curve":"stepped"},{"time":9.6,"x":1,"y":1,"curve":"stepped"},{"time":10,"x":1,"y":1}]},"bone":{"rotate":[{"time":0,"angle":0,"curve":"stepped"},{"time":9.6,"angle":0,"curve":"stepped"},{"time":10,"angle":0}],"translate":[{"time":0,"x":0,"y":0,"curve":"stepped"},{"time":9.6,"x":0,"y":0,"curve":"stepped"},{"time":10,"x":0,"y":0}],"scale":[{"time":0,"x":1,"y":1,"curve":"stepped"},{"time":9.6,"x":1,"y":1,"curve":"stepped"},{"time":10,"x":1,"y":1}]}}},"slide":{"slots":{"car_intro lightning_eyelids_closed":{"attachment":[{"time":0,"name":null},{"time":0.0333,"name":null},{"time":0.2666,"name":"car_intro lightning_eyelids_closed"},{"time":0.7,"name":null}]}},"bones":{"eyes":{"rotate":[{"time":0,"angle":0}],"translate":[{"time":0,"x":0,"y":0}],"scale":[{"time":0,"x":1,"y":1}]},"root":{"rotate":[{"time":0,"angle":0,"curve":"stepped"},{"time":0.2,"angle":0,"curve":"stepped"},{"time":0.7,"angle":0,"curve":"stepped"},{"time":0.8333,"angle":0}],"translate":[{"time":0,"x":0,"y":0,"curve":[0.25,0,0.75,1]},{"time":0.2,"x":18.59,"y":0,"curve":"stepped"},{"time":0.7,"x":18.59,"y":0,"curve":[0.25,0,0.75,1]},{"time":0.8333,"x":0,"y":0}],"scale":[{"time":0,"x":1,"y":1,"curve":[0.25,0,0.75,1]},{"time":0.1988,"x":0.958,"y":1,"curve":"stepped"},{"time":0.7,"x":0.958,"y":1,"curve":[0.25,0,0.75,1]},{"time":0.8333,"x":1,"y":1}]},"eyelids_top":{"rotate":[{"time":0,"angle":0,"curve":"stepped"},{"time":0.0333,"angle":0,"curve":"stepped"},{"time":0.7,"angle":0}],"translate":[{"time":0,"x":0,"y":0,"curve":"stepped"},{"time":0.0333,"x":0,"y":0},{"time":0.2666,"x":3.98,"y":5.4},{"time":0.3,"x":0,"y":2.68,"curve":"stepped"},{"time":0.6666,"x":0,"y":2.68},{"time":0.7,"x":0,"y":2.66},{"time":0.7333,"x":0,"y":1.33}],"scale":[{"time":0,"x":0.973,"y":1.079,"curve":"stepped"},{"time":0.0333,"x":0.973,"y":1.079},{"time":0.2666,"x":0.906,"y":0.651},{"time":0.3,"x":0.979,"y":0.998,"curve":"stepped"},{"time":0.6666,"x":0.979,"y":0.998},{"time":0.7,"x":0.96,"y":0.68},{"time":0.7333,"x":0.973,"y":1.079}]},"eyelids_bottom":{"rotate":[{"time":0,"angle":0}],"translate":[{"time":0,"x":0,"y":0}],"scale":[{"time":0,"x":1,"y":1}]},"body":{"rotate":[{"time":0,"angle":0},{"time":0.2333,"angle":-9.5},{"time":0.3,"angle":-8.29},{"time":0.4,"angle":-9.5},{"time":0.4666,"angle":-8.29},{"time":0.5666,"angle":-9.5},{"time":0.6333,"angle":-8.29},{"time":0.8333,"angle":0}],"translate":[{"time":0,"x":0,"y":0},{"time":0.2333,"x":16.57,"y":11.96},{"time":0.3,"x":12.43,"y":8.97},{"time":0.4,"x":16.57,"y":11.96},{"time":0.4666,"x":12.43,"y":8.97},{"time":0.5666,"x":16.57,"y":11.96},{"time":0.6333,"x":12.43,"y":8.97},{"time":0.8333,"x":0,"y":0}],"scale":[{"time":0,"x":1,"y":1,"curve":"stepped"},{"time":0.3,"x":1,"y":1,"curve":"stepped"},{"time":0.4666,"x":1,"y":1,"curve":"stepped"},{"time":0.6333,"x":1,"y":1,"curve":"stepped"},{"time":0.8333,"x":1,"y":1}]}}}}}