{"frames": {

"car_02_decal_00_00.png":
{
	"frame": {"x":2,"y":2,"w":252,"h":148},
	"rotated": false,
	"trimmed": true,
	"spriteSourceSize": {"x":58,"y":88,"w":252,"h":148},
	"sourceSize": {"w":360,"h":280}
},
"car_02_decal_00_01.png":
{
	"frame": {"x":2,"y":152,"w":290,"h":180},
	"rotated": false,
	"trimmed": true,
	"spriteSourceSize": {"x":38,"y":62,"w":290,"h":180},
	"sourceSize": {"w":360,"h":280}
},
"car_02_decal_00_02.png":
{
	"frame": {"x":2,"y":334,"w":290,"h":120},
	"rotated": false,
	"trimmed": true,
	"spriteSourceSize": {"x":38,"y":136,"w":290,"h":120},
	"sourceSize": {"w":360,"h":280}
}},
"meta": {
	"app": "http://www.codeandweb.com/texturepacker",
	"version": "1.0",
	"image": "car_02_decal_00.png",
	"format": "RGBA8888",
	"size": {"w":512,"h":512},
	"scale": "1",
	"smartupdate": "$TexturePacker:SmartUpdate:3b5202784edac321dbfdc97924056efd:72b6c3b1da84f6f3fe7f334075e5ca11:932fc10d3a6fcab66e92430a0bd5e372$"
}
}
