{"frames": {

"car_02_decal_01_00.png":
{
	"frame": {"x":2,"y":2,"w":252,"h":148},
	"rotated": false,
	"trimmed": true,
	"spriteSourceSize": {"x":58,"y":88,"w":252,"h":148},
	"sourceSize": {"w":360,"h":280}
},
"car_02_decal_01_01.png":
{
	"frame": {"x":2,"y":152,"w":288,"h":194},
	"rotated": false,
	"trimmed": true,
	"spriteSourceSize": {"x":38,"y":62,"w":288,"h":194},
	"sourceSize": {"w":360,"h":280}
},
"car_02_decal_01_02.png":
{
	"frame": {"x":2,"y":348,"w":288,"h":120},
	"rotated": false,
	"trimmed": true,
	"spriteSourceSize": {"x":38,"y":136,"w":288,"h":120},
	"sourceSize": {"w":360,"h":280}
}},
"meta": {
	"app": "http://www.codeandweb.com/texturepacker",
	"version": "1.0",
	"image": "car_02_decal_01.png",
	"format": "RGBA8888",
	"size": {"w":512,"h":512},
	"scale": "1",
	"smartupdate": "$TexturePacker:SmartUpdate:5de54a6ccb5b3b1aa12f95cd5558f8b0:2ec77e26cceb5a7478bb10d52f703548:8de178bb8ec82afb16cdd4cbbd2e3aa3$"
}
}
