{
  "strings": {

    "STR_BROWSER_SUPPORT" : "Sorry, your browser is not supported. Try a different browser.",

    "STR_L_HTML5": "This game uses HTML5. If it loads but does not run, please update your web browser.",

    "STR_LOADER_LOADING" : "LOADING...##%",
    "STR_TITLE_QUICKPLAY" : "QUICK PLAY",
    "STR_TITLE_TOURNAMENT" : "TOURNAMENT",
    "STR_TITLE_LEADERBOARD" : "LEADERBOARD",

    "STR_COUNTRY_SELECT_TITLE" : "COUNTRY SELECTION",
    "STR_COUNTRY_RANKING" : "RANKING",

    "STR_INSTRUCTIONS_TITLE" : "INSTRUCTIONS",
    "STR_INSTRUCTIONS_MOVEMENT" : "MOVEMENT",
    "STR_INSTRUCTIONS_TACKLE" : "TACKLE / PASS",
    "STR_INSTRUCTIONS_PASS" : "SHORT PASS",
    "STR_INSTRUCTIONS_SHOT" : "POWER SHOT",


    "STR_TEAM_SELECT_TITLE" : "TEAM SELECT",
    "STR_TEAM_SELECT_CAPTAIN" : "CAPTAIN",
    "STR_TEAM_SELECT_PLAYERS" : "PLAYERS",

    "STR_TOURNAMENT_TITLE" : "TOON CUP 2016",
    "STR_TOURNAMENT_QUARTERS" : "QUARTER FINALS",
    "STR_TOURNAMENT_SEMI" : "SEMI FINALS",
    "STR_TOURNAMENT_FINALS" : "FINAL",
    "STR_TOURNAMENT_WINNER" : "WINNER",


    "STR_GAMEOVER_TITLE" : "FINAL SCORE",
    "STR_LEADERBOARD_TITLE" : "LEADERBOARD",

    "STR_GAME_GOAL" : "GOAL!!!",
    "STR_GAME_GOLDEN_GOAL" : "GOLDEN GOAL",
    "STR_GAME_WIN" : "YOU WIN!",
    "STR_GAME_FAIL" : "TRY AGAIN",
    "STR_PAUSED" : "PAUSED",
    "STR_QUIT" : "QUIT GAME",


    "STR_COUNTRY_AFRICA" : "AFRICA\nALL STARS",
    "STR_COUNTRY_EUR" : "EUROPE\nALL STARS",
    "STR_COUNTRY_MEA" : "MIDDLE EAST\nALL STARS",
    "STR_COUNTRY_WRD" : "WORLD\nALL STARS",
    "STR_COUNTRY_BULGARIA" : "BULGARIA",
    "STR_COUNTRY_DENMARK" : "DENMARK",
    "STR_COUNTRY_EGYPT" : "EGYPT",
    "STR_COUNTRY_FRANCE" : "FRANCE",
    "STR_COUNTRY_GERMANY" : "GERMANY",
    "STR_COUNTRY_ALGERIA" : "ALGERIA",
    "STR_COUNTRY_HUNGARY" : "HUNGARY",
    "STR_COUNTRY_ITALY" : "ITALY",
    "STR_COUNTRY_NETHERLANDS" : "NETHERLANDS",
    "STR_COUNTRY_NORWAY" : "NORWAY",
    "STR_COUNTRY_POLAND" : "POLAND",
    "STR_COUNTRY_PORTUGAL" : "PORTUGAL",
    "STR_COUNTRY_ROMANIA" : "ROMANIA",
    "STR_COUNTRY_RUSSIA" : "RUSSIA",
    "STR_COUNTRY_SAUDI_ARABIA" : "SAUDI\nARABIA",
    "STR_COUNTRY_SOUTH_AFRICA" : "SOUTH\nAFRICA",
    "STR_COUNTRY_SPAIN" : "SPAIN",
    "STR_COUNTRY_SWEDEN" : "SWEDEN",
    "STR_COUNTRY_TURKEY" : "TURKEY",
    "STR_COUNTRY_EMIRATES" : "UNITED\nARAB EMIRATES",
    "STR_COUNTRY_UNITED_KINGDOM" : "UNITED\nKINGDOM",
    "STR_COUNTRY_IRAQ" : "IRAQ",

    "STR_WINS" : "Wins",
    "STR_LOSES" : "Losses",
    "STR_GOAL_DIFFERENCE" : "Goal Difference",
    "STR_POINTS" : "Rating"

  }
}
