{"frames": {

"car_03_decal_03_00.png":
{
	"frame": {"x":2,"y":2,"w":264,"h":246},
	"rotated": false,
	"trimmed": true,
	"spriteSourceSize": {"x":36,"y":4,"w":264,"h":246},
	"sourceSize": {"w":360,"h":280}
},
"car_03_decal_03_01.png":
{
	"frame": {"x":268,"y":2,"w":292,"h":228},
	"rotated": false,
	"trimmed": true,
	"spriteSourceSize": {"x":34,"y":14,"w":292,"h":228},
	"sourceSize": {"w":360,"h":280}
},
"car_03_decal_03_02.png":
{
	"frame": {"x":562,"y":2,"w":276,"h":250},
	"rotated": false,
	"trimmed": true,
	"spriteSourceSize": {"x":42,"y":14,"w":276,"h":250},
	"sourceSize": {"w":360,"h":280}
}},
"meta": {
	"app": "http://www.codeandweb.com/texturepacker",
	"version": "1.0",
	"image": "car_03_decal_03.png",
	"format": "RGBA8888",
	"size": {"w":1024,"h":256},
	"scale": "1",
	"smartupdate": "$TexturePacker:SmartUpdate:a784ee6b02cfb1ea258ee3c9c4d5e5a7:08fa975888e8334604f42e8e64c2dfef:be31d0be57a7815172cc921c048621f6$"
}
}
