{ "height":9,
 "layers":[
        {
         "data":[81, 81, 81, 81, 81, 32, 33, 34, 81, 81, 81, 81, 81, 81, 82, 82, 82, 0, 42, 43, 44, 0, 82, 82, 82, 81, 81, 82, 82, 82, 0, 42, 43, 44, 0, 82, 82, 82, 81, 81, 82, 82, 82, 0, 42, 93, 44, 0, 82, 82, 82, 81, 81, 82, 82, 82, 52, 0, 94, 0, 44, 82, 82, 82, 81, 81, 82, 82, 82, 42, 0, 92, 0, 74, 82, 82, 82, 81, 81, 82, 82, 82, 0, 54, 43, 44, 0, 82, 82, 82, 81, 81, 82, 82, 82, 1, 42, 11, 72, 21, 82, 82, 82, 81, 81, 81, 81, 81, 81, 81, 81, 81, 81, 81, 81, 81, 81],
         "height":9,
         "name":"Game",
         "opacity":1,
         "type":"tilelayer",
         "visible":true,
         "width":13,
         "x":0,
         "y":0
        }, 
        {
         "data":[0, 0, 0, 0, 0, 0, 0, 0, 0, 0, 0, 0, 0, 0, 0, 0, 0, 0, 0, 0, 0, 0, 0, 0, 0, 0, 0, 0, 0, 0, 0, 0, 0, 0, 0, 0, 0, 0, 0, 0, 0, 0, 0, 0, 0, 0, 0, 0, 0, 0, 0, 0, 0, 0, 0, 0, 10, 0, 0, 0, 10, 0, 0, 0, 0, 0, 0, 0, 0, 10, 0, 0, 0, 10, 0, 0, 0, 0, 0, 0, 0, 0, 0, 0, 0, 0, 0, 0, 0, 0, 0, 0, 0, 0, 0, 0, 0, 0, 0, 0, 0, 0, 0, 0, 0, 0, 0, 0, 0, 0, 0, 0, 0, 0, 0, 0, 0],
         "height":9,
         "name":"Drag",
         "opacity":0.670000016689301,
         "type":"tilelayer",
         "visible":true,
         "width":13,
         "x":0,
         "y":0
        }],
 "orientation":"orthogonal",
 "properties":
    {

    },
 "renderorder":"right-down",
 "tileheight":64,
 "tilesets":[
        {
         "firstgid":1,
         "image":"tiledassets.png",
         "imageheight":1280,
         "imagewidth":640,
         "margin":0,
         "name":"tiledassets",
         "properties":
            {

            },
         "spacing":0,
         "tileheight":64,
         "tilewidth":64
        }],
 "tilewidth":64,
 "version":1,
 "width":13
}