{ "height":9,
 "layers":[
        {
         "data":[81, 81, 81, 81, 81, 81, 81, 81, 81, 81, 81, 81, 81, 81, 53, 53, 53, 53, 53, 63, 53, 91, 63, 82, 82, 81, 81, 43, 82, 43, 82, 43, 63, 63, 63, 53, 53, 0, 33, 81, 43, 82, 43, 82, 43, 63, 82, 82, 82, 63, 82, 81, 81, 63, 12, 43, 73, 43, 63, 82, 82, 82, 91, 82, 81, 81, 63, 82, 82, 82, 43, 63, 82, 82, 82, 63, 82, 81, 81, 63, 82, 82, 82, 43, 63, 82, 82, 82, 53, 0, 33, 81, 53, 53, 91, 53, 43, 73, 53, 53, 53, 43, 82, 81, 81, 81, 81, 81, 81, 81, 81, 81, 81, 81, 81, 81, 81],
         "height":9,
         "name":"Game",
         "opacity":1,
         "type":"tilelayer",
         "visible":true,
         "width":13,
         "x":0,
         "y":0
        }, 
        {
         "data":[0, 0, 0, 0, 0, 0, 0, 0, 0, 0, 0, 0, 0, 0, 0, 0, 0, 0, 0, 10, 0, 0, 0, 0, 0, 0, 0, 0, 0, 0, 0, 0, 0, 0, 0, 0, 10, 0, 0, 0, 0, 0, 0, 0, 0, 0, 0, 0, 0, 0, 0, 0, 0, 10, 0, 10, 0, 0, 0, 0, 0, 0, 0, 0, 0, 0, 0, 0, 0, 0, 0, 0, 0, 0, 0, 0, 0, 0, 0, 0, 0, 0, 0, 0, 0, 0, 0, 0, 0, 0, 0, 0, 0, 0, 0, 0, 0, 0, 0, 0, 0, 0, 0, 0, 0, 0, 0, 0, 0, 0, 0, 0, 0, 0, 0, 0, 0],
         "height":9,
         "name":"Drag",
         "opacity":0.670000016689301,
         "type":"tilelayer",
         "visible":true,
         "width":13,
         "x":0,
         "y":0
        }],
 "orientation":"orthogonal",
 "properties":
    {

    },
 "renderorder":"right-down",
 "tileheight":64,
 "tilesets":[
        {
         "firstgid":1,
         "image":"tiledassets.png",
         "imageheight":1280,
         "imagewidth":640,
         "margin":0,
         "name":"tiledassets",
         "properties":
            {

            },
         "spacing":0,
         "tileheight":64,
         "tilewidth":64
        }],
 "tilewidth":64,
 "version":1,
 "width":13
}