<?xml version="1.0" encoding="UTF-8" standalone="no"?>
<!--Created using Glyph Designer - http://www.71squared.com/glyphdesigner-->
<font>
    <info face="Ahkio General" size="25" bold="0" italic="0" chasrset="" unicode="0" stretchH="100" smooth="1" aa="1" padding="0,0,0,0" spacing="0,0"/>
    <common lineHeight="33" base="24" scaleW="512" scaleH="256" pages="1" packed="0"/>
    <pages>
        <page id="0" file="ahkio_25_general.png"/>
    </pages>
    <chars count="189">
        <char id="32" x="21" y="218" width="0" height="0" xoffset="0" yoffset="29" xadvance="4" page="0" chnl="0" letter="space"/>
        <char id="33" x="440" y="146" width="17" height="26" xoffset="-2" yoffset="3" xadvance="5" page="0" chnl="0" letter="!"/>
        <char id="34" x="280" y="197" width="18" height="16" xoffset="-0" yoffset="2" xadvance="8" page="0" chnl="0" letter="&quot;"/>
        <char id="35" x="0" y="172" width="23" height="25" xoffset="-1" yoffset="2" xadvance="14" page="0" chnl="0" letter="#"/>
        <char id="36" x="394" y="92" width="20" height="27" xoffset="-1" yoffset="3" xadvance="10" page="0" chnl="0" letter="$"/>
        <char id="37" x="130" y="119" width="25" height="26" xoffset="-0" yoffset="3" xadvance="17" page="0" chnl="0" letter="%"/>
        <char id="38" x="77" y="0" width="23" height="32" xoffset="-2" yoffset="-0" xadvance="12" page="0" chnl="0" letter="&amp;"/>
        <char id="39" x="313" y="197" width="14" height="16" xoffset="-0" yoffset="2" xadvance="4" page="0" chnl="0" letter="'"/>
        <char id="40" x="330" y="64" width="17" height="28" xoffset="-1" yoffset="1" xadvance="6" page="0" chnl="0" letter="("/>
        <char id="41" x="347" y="64" width="17" height="28" xoffset="-2" yoffset="1" xadvance="7" page="0" chnl="0" letter=")"/>
        <char id="42" x="198" y="197" width="19" height="18" xoffset="-0" yoffset="1" xadvance="9" page="0" chnl="0" letter="*"/>
        <char id="43" x="0" y="197" width="20" height="21" xoffset="-1" yoffset="6" xadvance="12" page="0" chnl="0" letter="+"/>
        <char id="44" x="298" y="197" width="15" height="16" xoffset="-3" yoffset="15" xadvance="5" page="0" chnl="0" letter=","/>
        <char id="45" x="440" y="197" width="18" height="13" xoffset="-1" yoffset="10" xadvance="9" page="0" chnl="0" letter="-"/>
        <char id="46" x="393" y="197" width="14" height="14" xoffset="-2" yoffset="15" xadvance="5" page="0" chnl="0" letter="."/>
        <char id="47" x="434" y="33" width="22" height="28" xoffset="-2" yoffset="1" xadvance="9" page="0" chnl="0" letter="/"/>
        <char id="48" x="92" y="146" width="22" height="26" xoffset="-1" yoffset="3" xadvance="13" page="0" chnl="0" letter="0"/>
        <char id="49" x="457" y="146" width="17" height="26" xoffset="-1" yoffset="3" xadvance="7" page="0" chnl="0" letter="1"/>
        <char id="50" x="114" y="146" width="22" height="26" xoffset="-2" yoffset="3" xadvance="12" page="0" chnl="0" letter="2"/>
        <char id="51" x="136" y="146" width="22" height="26" xoffset="-2" yoffset="3" xadvance="11" page="0" chnl="0" letter="3"/>
        <char id="52" x="325" y="119" width="23" height="26" xoffset="-2" yoffset="3" xadvance="12" page="0" chnl="0" letter="4"/>
        <char id="53" x="158" y="146" width="22" height="26" xoffset="-2" yoffset="3" xadvance="11" page="0" chnl="0" letter="5"/>
        <char id="54" x="180" y="146" width="22" height="26" xoffset="-1" yoffset="3" xadvance="12" page="0" chnl="0" letter="6"/>
        <char id="55" x="202" y="146" width="22" height="26" xoffset="-1" yoffset="3" xadvance="11" page="0" chnl="0" letter="7"/>
        <char id="56" x="348" y="119" width="23" height="26" xoffset="-2" yoffset="3" xadvance="12" page="0" chnl="0" letter="8"/>
        <char id="57" x="224" y="146" width="22" height="26" xoffset="-2" yoffset="3" xadvance="12" page="0" chnl="0" letter="9"/>
        <char id="58" x="469" y="172" width="16" height="22" xoffset="-2" yoffset="7" xadvance="5" page="0" chnl="0" letter=":"/>
        <char id="59" x="42" y="172" width="16" height="25" xoffset="-2" yoffset="6" xadvance="5" page="0" chnl="0" letter=";"/>
        <char id="60" x="40" y="197" width="21" height="20" xoffset="-1" yoffset="7" xadvance="11" page="0" chnl="0" letter="&lt;"/>
        <char id="61" x="260" y="197" width="20" height="16" xoffset="-1" yoffset="9" xadvance="11" page="0" chnl="0" letter="="/>
        <char id="62" x="61" y="197" width="21" height="20" xoffset="-2" yoffset="7" xadvance="11" page="0" chnl="0" letter=">"/>
        <char id="63" x="378" y="146" width="21" height="26" xoffset="-0" yoffset="3" xadvance="12" page="0" chnl="0" letter="?"/>
        <char id="64" x="23" y="0" width="30" height="32" xoffset="-1" yoffset="1" xadvance="21" page="0" chnl="0" letter="@"/>
        <char id="65" x="371" y="119" width="23" height="26" xoffset="-2" yoffset="3" xadvance="13" page="0" chnl="0" letter="A"/>
        <char id="66" x="394" y="119" width="23" height="26" xoffset="-2" yoffset="3" xadvance="13" page="0" chnl="0" letter="B"/>
        <char id="67" x="417" y="119" width="23" height="26" xoffset="-1" yoffset="3" xadvance="12" page="0" chnl="0" letter="C"/>
        <char id="68" x="205" y="119" width="24" height="26" xoffset="-2" yoffset="3" xadvance="14" page="0" chnl="0" letter="D"/>
        <char id="69" x="246" y="146" width="22" height="26" xoffset="-2" yoffset="3" xadvance="11" page="0" chnl="0" letter="E"/>
        <char id="70" x="268" y="146" width="22" height="26" xoffset="-2" yoffset="3" xadvance="11" page="0" chnl="0" letter="F"/>
        <char id="71" x="440" y="119" width="23" height="26" xoffset="-1" yoffset="3" xadvance="13" page="0" chnl="0" letter="G"/>
        <char id="72" x="155" y="119" width="25" height="26" xoffset="-2" yoffset="3" xadvance="13" page="0" chnl="0" letter="H"/>
        <char id="73" x="474" y="146" width="17" height="26" xoffset="-2" yoffset="3" xadvance="6" page="0" chnl="0" letter="I"/>
        <char id="74" x="290" y="146" width="22" height="26" xoffset="-2" yoffset="3" xadvance="11" page="0" chnl="0" letter="J"/>
        <char id="75" x="229" y="119" width="24" height="26" xoffset="-2" yoffset="3" xadvance="13" page="0" chnl="0" letter="K"/>
        <char id="76" x="420" y="146" width="20" height="26" xoffset="-2" yoffset="3" xadvance="10" page="0" chnl="0" letter="L"/>
        <char id="77" x="48" y="119" width="28" height="26" xoffset="-2" yoffset="3" xadvance="16" page="0" chnl="0" letter="M"/>
        <char id="78" x="180" y="119" width="25" height="26" xoffset="-2" yoffset="3" xadvance="13" page="0" chnl="0" letter="N"/>
        <char id="79" x="253" y="119" width="24" height="26" xoffset="-1" yoffset="3" xadvance="14" page="0" chnl="0" letter="O"/>
        <char id="80" x="463" y="119" width="23" height="26" xoffset="-2" yoffset="3" xadvance="13" page="0" chnl="0" letter="P"/>
        <char id="81" x="268" y="33" width="24" height="29" xoffset="-1" yoffset="2" xadvance="14" page="0" chnl="0" letter="Q"/>
        <char id="82" x="486" y="119" width="23" height="26" xoffset="-2" yoffset="3" xadvance="13" page="0" chnl="0" letter="R"/>
        <char id="83" x="0" y="146" width="23" height="26" xoffset="-2" yoffset="3" xadvance="12" page="0" chnl="0" letter="S"/>
        <char id="84" x="399" y="146" width="21" height="26" xoffset="0" yoffset="3" xadvance="11" page="0" chnl="0" letter="T"/>
        <char id="85" x="23" y="146" width="23" height="26" xoffset="-1" yoffset="3" xadvance="13" page="0" chnl="0" letter="U"/>
        <char id="86" x="312" y="146" width="22" height="26" xoffset="0" yoffset="3" xadvance="13" page="0" chnl="0" letter="V"/>
        <char id="87" x="76" y="119" width="28" height="26" xoffset="-0" yoffset="3" xadvance="18" page="0" chnl="0" letter="W"/>
        <char id="88" x="104" y="119" width="26" height="26" xoffset="-2" yoffset="3" xadvance="14" page="0" chnl="0" letter="X"/>
        <char id="89" x="46" y="146" width="23" height="26" xoffset="0" yoffset="3" xadvance="13" page="0" chnl="0" letter="Y"/>
        <char id="90" x="277" y="119" width="24" height="26" xoffset="-2" yoffset="3" xadvance="12" page="0" chnl="0" letter="Z"/>
        <char id="91" x="237" y="64" width="19" height="28" xoffset="-2" yoffset="1" xadvance="7" page="0" chnl="0" letter="["/>
        <char id="92" x="256" y="64" width="19" height="28" xoffset="1" yoffset="1" xadvance="12" page="0" chnl="0" letter="\"/>
        <char id="93" x="275" y="64" width="19" height="28" xoffset="-2" yoffset="1" xadvance="8" page="0" chnl="0" letter="]"/>
        <char id="94" x="20" y="197" width="20" height="21" xoffset="-1" yoffset="-0" xadvance="11" page="0" chnl="0" letter="^"/>
        <char id="95" x="476" y="197" width="21" height="12" xoffset="-3" yoffset="21" xadvance="10" page="0" chnl="0" letter="_"/>
        <char id="96" x="327" y="197" width="16" height="15" xoffset="0" yoffset="1" xadvance="6" page="0" chnl="0" letter="`"/>
        <char id="97" x="199" y="172" width="22" height="22" xoffset="-2" yoffset="7" xadvance="12" page="0" chnl="0" letter="a"/>
        <char id="98" x="46" y="92" width="22" height="27" xoffset="-2" yoffset="2" xadvance="12" page="0" chnl="0" letter="b"/>
        <char id="99" x="392" y="172" width="20" height="22" xoffset="-2" yoffset="7" xadvance="10" page="0" chnl="0" letter="c"/>
        <char id="100" x="480" y="64" width="23" height="27" xoffset="-2" yoffset="2" xadvance="12" page="0" chnl="0" letter="d"/>
        <char id="101" x="287" y="172" width="21" height="22" xoffset="-2" yoffset="7" xadvance="11" page="0" chnl="0" letter="e"/>
        <char id="102" x="414" y="92" width="20" height="27" xoffset="-1" yoffset="2" xadvance="8" page="0" chnl="0" letter="f"/>
        <char id="103" x="68" y="92" width="22" height="27" xoffset="-2" yoffset="7" xadvance="12" page="0" chnl="0" letter="g"/>
        <char id="104" x="90" y="92" width="22" height="27" xoffset="-2" yoffset="2" xadvance="12" page="0" chnl="0" letter="h"/>
        <char id="105" x="364" y="64" width="17" height="28" xoffset="-2" yoffset="1" xadvance="5" page="0" chnl="0" letter="i"/>
        <char id="106" x="280" y="0" width="19" height="32" xoffset="-4" yoffset="2" xadvance="5" page="0" chnl="0" letter="j"/>
        <char id="107" x="112" y="92" width="22" height="27" xoffset="-2" yoffset="2" xadvance="11" page="0" chnl="0" letter="k"/>
        <char id="108" x="491" y="92" width="17" height="27" xoffset="-2" yoffset="2" xadvance="5" page="0" chnl="0" letter="l"/>
        <char id="109" x="118" y="172" width="28" height="22" xoffset="-2" yoffset="7" xadvance="18" page="0" chnl="0" letter="m"/>
        <char id="110" x="221" y="172" width="22" height="22" xoffset="-2" yoffset="7" xadvance="12" page="0" chnl="0" letter="n"/>
        <char id="111" x="308" y="172" width="21" height="22" xoffset="-2" yoffset="7" xadvance="11" page="0" chnl="0" letter="o"/>
        <char id="112" x="134" y="92" width="22" height="27" xoffset="-3" yoffset="6" xadvance="12" page="0" chnl="0" letter="p"/>
        <char id="113" x="156" y="92" width="22" height="27" xoffset="-2" yoffset="7" xadvance="12" page="0" chnl="0" letter="q"/>
        <char id="114" x="412" y="172" width="19" height="22" xoffset="-2" yoffset="7" xadvance="8" page="0" chnl="0" letter="r"/>
        <char id="115" x="329" y="172" width="21" height="22" xoffset="-2" yoffset="7" xadvance="10" page="0" chnl="0" letter="s"/>
        <char id="116" x="473" y="92" width="18" height="27" xoffset="-1" yoffset="2" xadvance="8" page="0" chnl="0" letter="t"/>
        <char id="117" x="243" y="172" width="22" height="22" xoffset="-2" yoffset="7" xadvance="12" page="0" chnl="0" letter="u"/>
        <char id="118" x="350" y="172" width="21" height="22" xoffset="-1" yoffset="7" xadvance="11" page="0" chnl="0" letter="v"/>
        <char id="119" x="173" y="172" width="26" height="22" xoffset="-1" yoffset="7" xadvance="16" page="0" chnl="0" letter="w"/>
        <char id="120" x="265" y="172" width="22" height="22" xoffset="-2" yoffset="7" xadvance="11" page="0" chnl="0" letter="x"/>
        <char id="121" x="178" y="92" width="22" height="27" xoffset="-2" yoffset="7" xadvance="12" page="0" chnl="0" letter="y"/>
        <char id="122" x="371" y="172" width="21" height="22" xoffset="-2" yoffset="7" xadvance="10" page="0" chnl="0" letter="z"/>
        <char id="123" x="340" y="33" width="19" height="29" xoffset="-1" yoffset="1" xadvance="7" page="0" chnl="0" letter="{"/>
        <char id="124" x="337" y="0" width="18" height="32" xoffset="-2" yoffset="-0" xadvance="6" page="0" chnl="0" letter="|"/>
        <char id="125" x="359" y="33" width="19" height="29" xoffset="-2" yoffset="1" xadvance="8" page="0" chnl="0" letter="}"/>
        <char id="126" x="358" y="197" width="19" height="14" xoffset="-1" yoffset="10" xadvance="10" page="0" chnl="0" letter="~"/>
        <char id="161" x="0" y="119" width="17" height="27" xoffset="-3" yoffset="7" xadvance="6" page="0" chnl="0" letter="¡"/>
        <char id="162" x="23" y="172" width="19" height="25" xoffset="-1" yoffset="3" xadvance="10" page="0" chnl="0" letter="¢"/>
        <char id="163" x="58" y="172" width="20" height="23" xoffset="-1" yoffset="4" xadvance="10" page="0" chnl="0" letter="£"/>
        <char id="164" x="485" y="172" width="21" height="21" xoffset="-1" yoffset="5" xadvance="11" page="0" chnl="0" letter="¤"/>
        <char id="165" x="78" y="172" width="20" height="23" xoffset="-0" yoffset="4" xadvance="11" page="0" chnl="0" letter="¥"/>
        <char id="166" x="355" y="0" width="17" height="32" xoffset="-2" yoffset="-0" xadvance="6" page="0" chnl="0" letter="¦"/>
        <char id="167" x="246" y="33" width="22" height="30" xoffset="-2" yoffset="2" xadvance="11" page="0" chnl="0" letter="§"/>
        <char id="168" x="421" y="197" width="19" height="13" xoffset="0" yoffset="2" xadvance="9" page="0" chnl="0" letter="¨"/>
        <char id="169" x="378" y="33" width="28" height="28" xoffset="-1" yoffset="2" xadvance="18" page="0" chnl="0" letter="©"/>
        <char id="170" x="431" y="172" width="19" height="22" xoffset="-1" yoffset="2" xadvance="10" page="0" chnl="0" letter="ª"/>
        <char id="171" x="156" y="197" width="21" height="18" xoffset="-1" yoffset="7" xadvance="11" page="0" chnl="0" letter="«"/>
        <char id="172" x="235" y="197" width="25" height="17" xoffset="1" yoffset="8" xadvance="20" page="0" chnl="0" letter="¬"/>
        <char id="173" x="458" y="197" width="18" height="13" xoffset="-1" yoffset="10" xadvance="10" page="0" chnl="0" letter="­"/>
        <char id="174" x="406" y="33" width="28" height="28" xoffset="-1" yoffset="2" xadvance="18" page="0" chnl="0" letter="®"/>
        <char id="175" x="0" y="218" width="21" height="11" xoffset="-1" yoffset="-0" xadvance="13" page="0" chnl="0" letter="¯"/>
        <char id="176" x="217" y="197" width="18" height="18" xoffset="-0" yoffset="2" xadvance="9" page="0" chnl="0" letter="°"/>
        <char id="177" x="334" y="146" width="22" height="26" xoffset="-2" yoffset="3" xadvance="12" page="0" chnl="0" letter="±"/>
        <char id="178" x="103" y="197" width="19" height="20" xoffset="-1" yoffset="2" xadvance="9" page="0" chnl="0" letter="²"/>
        <char id="179" x="122" y="197" width="19" height="20" xoffset="-1" yoffset="2" xadvance="8" page="0" chnl="0" letter="³"/>
        <char id="180" x="377" y="197" width="16" height="14" xoffset="0" yoffset="1" xadvance="6" page="0" chnl="0" letter="´"/>
        <char id="181" x="69" y="146" width="23" height="26" xoffset="-2" yoffset="7" xadvance="12" page="0" chnl="0" letter="µ"/>
        <char id="182" x="292" y="33" width="24" height="29" xoffset="0" yoffset="2" xadvance="14" page="0" chnl="0" letter="¶"/>
        <char id="183" x="407" y="197" width="14" height="14" xoffset="-1" yoffset="9" xadvance="6" page="0" chnl="0" letter="·"/>
        <char id="184" x="343" y="197" width="15" height="15" xoffset="-4" yoffset="19" xadvance="4" page="0" chnl="0" letter="¸"/>
        <char id="185" x="141" y="197" width="15" height="20" xoffset="-0" yoffset="2" xadvance="5" page="0" chnl="0" letter="¹"/>
        <char id="186" x="450" y="172" width="19" height="22" xoffset="-1" yoffset="2" xadvance="9" page="0" chnl="0" letter="º"/>
        <char id="187" x="177" y="197" width="21" height="18" xoffset="-2" yoffset="7" xadvance="11" page="0" chnl="0" letter="»"/>
        <char id="188" x="454" y="64" width="26" height="27" xoffset="0" yoffset="2" xadvance="19" page="0" chnl="0" letter="¼"/>
        <char id="189" x="427" y="64" width="27" height="27" xoffset="0" yoffset="2" xadvance="19" page="0" chnl="0" letter="½"/>
        <char id="190" x="398" y="64" width="29" height="27" xoffset="-1" yoffset="2" xadvance="21" page="0" chnl="0" letter="¾"/>
        <char id="191" x="310" y="92" width="21" height="27" xoffset="-2" yoffset="7" xadvance="10" page="0" chnl="0" letter="¿"/>
        <char id="192" x="100" y="0" width="23" height="32" xoffset="-2" yoffset="-3" xadvance="13" page="0" chnl="0" letter="À"/>
        <char id="193" x="123" y="0" width="23" height="32" xoffset="-2" yoffset="-3" xadvance="13" page="0" chnl="0" letter="Á"/>
        <char id="194" x="48" y="33" width="23" height="31" xoffset="-2" yoffset="-2" xadvance="13" page="0" chnl="0" letter="Â"/>
        <char id="195" x="397" y="0" width="24" height="31" xoffset="-2" yoffset="-2" xadvance="13" page="0" chnl="0" letter="Ã"/>
        <char id="196" x="421" y="0" width="24" height="31" xoffset="-2" yoffset="-2" xadvance="13" page="0" chnl="0" letter="Ä"/>
        <char id="197" x="0" y="0" width="23" height="33" xoffset="-2" yoffset="-4" xadvance="13" page="0" chnl="0" letter="Å"/>
        <char id="198" x="17" y="119" width="31" height="26" xoffset="-2" yoffset="3" xadvance="19" page="0" chnl="0" letter="Æ"/>
        <char id="199" x="71" y="33" width="23" height="31" xoffset="-1" yoffset="3" xadvance="12" page="0" chnl="0" letter="Ç"/>
        <char id="200" x="192" y="0" width="22" height="32" xoffset="-2" yoffset="-3" xadvance="11" page="0" chnl="0" letter="È"/>
        <char id="201" x="214" y="0" width="22" height="32" xoffset="-2" yoffset="-3" xadvance="11" page="0" chnl="0" letter="É"/>
        <char id="202" x="236" y="0" width="22" height="32" xoffset="-2" yoffset="-3" xadvance="11" page="0" chnl="0" letter="Ê"/>
        <char id="203" x="163" y="33" width="22" height="31" xoffset="-2" yoffset="-2" xadvance="11" page="0" chnl="0" letter="Ë"/>
        <char id="204" x="299" y="0" width="19" height="32" xoffset="-2" yoffset="-3" xadvance="6" page="0" chnl="0" letter="Ì"/>
        <char id="205" x="318" y="0" width="19" height="32" xoffset="-2" yoffset="-3" xadvance="6" page="0" chnl="0" letter="Í"/>
        <char id="206" x="227" y="33" width="19" height="31" xoffset="-2" yoffset="-2" xadvance="6" page="0" chnl="0" letter="Î"/>
        <char id="207" x="207" y="33" width="20" height="31" xoffset="-2" yoffset="-2" xadvance="6" page="0" chnl="0" letter="Ï"/>
        <char id="208" x="301" y="119" width="24" height="26" xoffset="-2" yoffset="3" xadvance="14" page="0" chnl="0" letter="Ð"/>
        <char id="209" x="372" y="0" width="25" height="31" xoffset="-2" yoffset="-2" xadvance="13" page="0" chnl="0" letter="Ñ"/>
        <char id="210" x="445" y="0" width="24" height="31" xoffset="-1" yoffset="-2" xadvance="14" page="0" chnl="0" letter="Ò"/>
        <char id="211" x="53" y="0" width="24" height="32" xoffset="-1" yoffset="-3" xadvance="14" page="0" chnl="0" letter="Ó"/>
        <char id="212" x="469" y="0" width="24" height="31" xoffset="-1" yoffset="-2" xadvance="14" page="0" chnl="0" letter="Ô"/>
        <char id="213" x="0" y="33" width="24" height="31" xoffset="-1" yoffset="-2" xadvance="14" page="0" chnl="0" letter="Õ"/>
        <char id="214" x="24" y="33" width="24" height="31" xoffset="-1" yoffset="-2" xadvance="14" page="0" chnl="0" letter="Ö"/>
        <char id="215" x="82" y="197" width="21" height="20" xoffset="-2" yoffset="6" xadvance="10" page="0" chnl="0" letter="×"/>
        <char id="216" x="316" y="33" width="24" height="29" xoffset="-1" yoffset="2" xadvance="14" page="0" chnl="0" letter="Ø"/>
        <char id="217" x="146" y="0" width="23" height="32" xoffset="-1" yoffset="-3" xadvance="13" page="0" chnl="0" letter="Ù"/>
        <char id="218" x="94" y="33" width="23" height="31" xoffset="-1" yoffset="-2" xadvance="13" page="0" chnl="0" letter="Ú"/>
        <char id="219" x="169" y="0" width="23" height="32" xoffset="-1" yoffset="-3" xadvance="13" page="0" chnl="0" letter="Û"/>
        <char id="220" x="117" y="33" width="23" height="31" xoffset="-1" yoffset="-2" xadvance="13" page="0" chnl="0" letter="Ü"/>
        <char id="221" x="140" y="33" width="23" height="31" xoffset="0" yoffset="-2" xadvance="13" page="0" chnl="0" letter="Ý"/>
        <char id="222" x="0" y="92" width="23" height="27" xoffset="-2" yoffset="2" xadvance="13" page="0" chnl="0" letter="Þ"/>
        <char id="223" x="23" y="92" width="23" height="27" xoffset="-2" yoffset="2" xadvance="13" page="0" chnl="0" letter="ß"/>
        <char id="224" x="456" y="33" width="22" height="28" xoffset="-2" yoffset="1" xadvance="12" page="0" chnl="0" letter="à"/>
        <char id="225" x="478" y="33" width="22" height="28" xoffset="-2" yoffset="1" xadvance="12" page="0" chnl="0" letter="á"/>
        <char id="226" x="0" y="64" width="22" height="28" xoffset="-2" yoffset="1" xadvance="12" page="0" chnl="0" letter="â"/>
        <char id="227" x="200" y="92" width="22" height="27" xoffset="-2" yoffset="2" xadvance="12" page="0" chnl="0" letter="ã"/>
        <char id="228" x="222" y="92" width="22" height="27" xoffset="-2" yoffset="2" xadvance="12" page="0" chnl="0" letter="ä"/>
        <char id="229" x="22" y="64" width="22" height="28" xoffset="-2" yoffset="1" xadvance="12" page="0" chnl="0" letter="å"/>
        <char id="230" x="146" y="172" width="27" height="22" xoffset="-2" yoffset="7" xadvance="17" page="0" chnl="0" letter="æ"/>
        <char id="231" x="434" y="92" width="20" height="27" xoffset="-2" yoffset="7" xadvance="10" page="0" chnl="0" letter="ç"/>
        <char id="232" x="132" y="64" width="21" height="28" xoffset="-2" yoffset="1" xadvance="11" page="0" chnl="0" letter="è"/>
        <char id="233" x="153" y="64" width="21" height="28" xoffset="-2" yoffset="1" xadvance="11" page="0" chnl="0" letter="é"/>
        <char id="234" x="174" y="64" width="21" height="28" xoffset="-2" yoffset="1" xadvance="11" page="0" chnl="0" letter="ê"/>
        <char id="235" x="331" y="92" width="21" height="27" xoffset="-2" yoffset="2" xadvance="11" page="0" chnl="0" letter="ë"/>
        <char id="236" x="294" y="64" width="18" height="28" xoffset="-2" yoffset="1" xadvance="5" page="0" chnl="0" letter="ì"/>
        <char id="237" x="381" y="64" width="17" height="28" xoffset="-2" yoffset="1" xadvance="5" page="0" chnl="0" letter="í"/>
        <char id="238" x="312" y="64" width="18" height="28" xoffset="-2" yoffset="1" xadvance="5" page="0" chnl="0" letter="î"/>
        <char id="239" x="454" y="92" width="19" height="27" xoffset="-2" yoffset="2" xadvance="5" page="0" chnl="0" letter="ï"/>
        <char id="240" x="44" y="64" width="22" height="28" xoffset="-2" yoffset="1" xadvance="11" page="0" chnl="0" letter="ð"/>
        <char id="241" x="244" y="92" width="22" height="27" xoffset="-2" yoffset="2" xadvance="12" page="0" chnl="0" letter="ñ"/>
        <char id="242" x="195" y="64" width="21" height="28" xoffset="-2" yoffset="1" xadvance="11" page="0" chnl="0" letter="ò"/>
        <char id="243" x="216" y="64" width="21" height="28" xoffset="-2" yoffset="1" xadvance="11" page="0" chnl="0" letter="ó"/>
        <char id="244" x="352" y="92" width="21" height="27" xoffset="-2" yoffset="2" xadvance="11" page="0" chnl="0" letter="ô"/>
        <char id="245" x="373" y="92" width="21" height="27" xoffset="-2" yoffset="2" xadvance="11" page="0" chnl="0" letter="õ"/>
        <char id="246" x="266" y="92" width="22" height="27" xoffset="-2" yoffset="2" xadvance="11" page="0" chnl="0" letter="ö"/>
        <char id="247" x="98" y="172" width="20" height="23" xoffset="-1" yoffset="5" xadvance="12" page="0" chnl="0" letter="÷"/>
        <char id="248" x="356" y="146" width="22" height="26" xoffset="-2" yoffset="5" xadvance="11" page="0" chnl="0" letter="ø"/>
        <char id="249" x="66" y="64" width="22" height="28" xoffset="-2" yoffset="1" xadvance="12" page="0" chnl="0" letter="ù"/>
        <char id="250" x="88" y="64" width="22" height="28" xoffset="-2" yoffset="1" xadvance="12" page="0" chnl="0" letter="ú"/>
        <char id="251" x="110" y="64" width="22" height="28" xoffset="-2" yoffset="1" xadvance="12" page="0" chnl="0" letter="û"/>
        <char id="252" x="288" y="92" width="22" height="27" xoffset="-2" yoffset="2" xadvance="12" page="0" chnl="0" letter="ü"/>
        <char id="253" x="258" y="0" width="22" height="32" xoffset="-2" yoffset="2" xadvance="12" page="0" chnl="0" letter="ý"/>
        <char id="254" x="185" y="33" width="22" height="31" xoffset="-3" yoffset="2" xadvance="12" page="0" chnl="0" letter="þ"/>
    </chars>
    <kernings count="778">
        <kerning first="33" second="108" amount="-1"/>
        <kerning first="33" second="146" amount="-1"/>
        <kerning first="33" second="147" amount="-1"/>
        <kerning first="33" second="175" amount="-1"/>
        <kerning first="33" second="182" amount="-1"/>
        <kerning first="33" second="183" amount="-1"/>
        <kerning first="33" second="201" amount="-1"/>
        <kerning first="33" second="210" amount="-1"/>
        <kerning first="33" second="233" amount="-1"/>
        <kerning first="34" second="141" amount="-1"/>
        <kerning first="34" second="142" amount="-1"/>
        <kerning first="34" second="146" amount="-2"/>
        <kerning first="34" second="147" amount="-1"/>
        <kerning first="34" second="151" amount="-1"/>
        <kerning first="34" second="155" amount="-1"/>
        <kerning first="34" second="172" amount="-1"/>
        <kerning first="34" second="177" amount="-1"/>
        <kerning first="34" second="178" amount="-1"/>
        <kerning first="34" second="182" amount="-2"/>
        <kerning first="34" second="183" amount="-1"/>
        <kerning first="34" second="187" amount="-1"/>
        <kerning first="34" second="191" amount="-1"/>
        <kerning first="34" second="199" amount="-1"/>
        <kerning first="34" second="201" amount="-1"/>
        <kerning first="34" second="210" amount="-1"/>
        <kerning first="34" second="220" amount="-1"/>
        <kerning first="34" second="222" amount="-1"/>
        <kerning first="34" second="224" amount="-1"/>
        <kerning first="34" second="225" amount="-1"/>
        <kerning first="34" second="226" amount="-1"/>
        <kerning first="34" second="228" amount="-1"/>
        <kerning first="34" second="229" amount="-1"/>
        <kerning first="35" second="152" amount="-1"/>
        <kerning first="35" second="188" amount="-1"/>
        <kerning first="35" second="207" amount="-1"/>
        <kerning first="35" second="210" amount="-1"/>
        <kerning first="35" second="233" amount="-1"/>
        <kerning first="35" second="235" amount="-1"/>
        <kerning first="35" second="237" amount="-1"/>
        <kerning first="35" second="247" amount="-1"/>
        <kerning first="36" second="55" amount="-1"/>
        <kerning first="36" second="175" amount="-1"/>
        <kerning first="37" second="139" amount="-1"/>
        <kerning first="37" second="142" amount="-1"/>
        <kerning first="37" second="155" amount="-1"/>
        <kerning first="37" second="174" amount="-1"/>
        <kerning first="37" second="175" amount="-1"/>
        <kerning first="37" second="178" amount="-1"/>
        <kerning first="37" second="191" amount="-1"/>
        <kerning first="37" second="199" amount="-1"/>
        <kerning first="37" second="220" amount="-2"/>
        <kerning first="37" second="222" amount="-1"/>
        <kerning first="37" second="225" amount="-1"/>
        <kerning first="37" second="228" amount="-2"/>
        <kerning first="38" second="79" amount="-1"/>
        <kerning first="38" second="89" amount="-1"/>
        <kerning first="38" second="139" amount="-1"/>
        <kerning first="38" second="142" amount="-1"/>
        <kerning first="38" second="155" amount="-1"/>
        <kerning first="38" second="174" amount="-1"/>
        <kerning first="38" second="178" amount="-1"/>
        <kerning first="38" second="191" amount="-1"/>
        <kerning first="38" second="199" amount="-1"/>
        <kerning first="38" second="220" amount="-1"/>
        <kerning first="38" second="222" amount="-1"/>
        <kerning first="38" second="225" amount="-1"/>
        <kerning first="38" second="228" amount="-2"/>
        <kerning first="39" second="52" amount="-1"/>
        <kerning first="39" second="65" amount="-1"/>
        <kerning first="39" second="74" amount="-1"/>
        <kerning first="39" second="97" amount="-1"/>
        <kerning first="39" second="99" amount="-1"/>
        <kerning first="39" second="101" amount="-1"/>
        <kerning first="40" second="48" amount="-1"/>
        <kerning first="40" second="52" amount="-1"/>
        <kerning first="40" second="54" amount="-1"/>
        <kerning first="40" second="67" amount="-1"/>
        <kerning first="40" second="152" amount="-1"/>
        <kerning first="40" second="188" amount="-1"/>
        <kerning first="40" second="201" amount="-1"/>
        <kerning first="40" second="210" amount="-1"/>
        <kerning first="42" second="52" amount="-1"/>
        <kerning first="42" second="65" amount="-1"/>
        <kerning first="42" second="74" amount="-1"/>
        <kerning first="42" second="97" amount="-1"/>
        <kerning first="45" second="55" amount="-1"/>
        <kerning first="45" second="57" amount="-1"/>
        <kerning first="45" second="84" amount="-1"/>
        <kerning first="45" second="86" amount="-1"/>
        <kerning first="45" second="89" amount="-1"/>
        <kerning first="46" second="48" amount="-1"/>
        <kerning first="46" second="49" amount="-1"/>
        <kerning first="46" second="52" amount="-1"/>
        <kerning first="46" second="54" amount="-1"/>
        <kerning first="46" second="56" amount="-1"/>
        <kerning first="46" second="57" amount="-1"/>
        <kerning first="46" second="67" amount="-1"/>
        <kerning first="46" second="71" amount="-1"/>
        <kerning first="46" second="79" amount="-1"/>
        <kerning first="46" second="83" amount="-1"/>
        <kerning first="46" second="84" amount="-2"/>
        <kerning first="46" second="85" amount="-1"/>
        <kerning first="46" second="86" amount="-2"/>
        <kerning first="46" second="87" amount="-1"/>
        <kerning first="46" second="89" amount="-2"/>
        <kerning first="46" second="116" amount="-1"/>
        <kerning first="46" second="118" amount="-1"/>
        <kerning first="46" second="119" amount="-1"/>
        <kerning first="47" second="47" amount="-3"/>
        <kerning first="47" second="48" amount="-1"/>
        <kerning first="47" second="52" amount="-2"/>
        <kerning first="47" second="54" amount="-1"/>
        <kerning first="47" second="65" amount="-2"/>
        <kerning first="47" second="67" amount="-1"/>
        <kerning first="47" second="71" amount="-1"/>
        <kerning first="47" second="74" amount="-2"/>
        <kerning first="47" second="79" amount="-1"/>
        <kerning first="47" second="97" amount="-1"/>
        <kerning first="47" second="99" amount="-1"/>
        <kerning first="47" second="101" amount="-1"/>
        <kerning first="47" second="109" amount="-1"/>
        <kerning first="47" second="110" amount="-1"/>
        <kerning first="47" second="111" amount="-1"/>
        <kerning first="47" second="112" amount="-1"/>
        <kerning first="47" second="114" amount="-1"/>
        <kerning first="47" second="115" amount="-1"/>
        <kerning first="47" second="117" amount="-1"/>
        <kerning first="47" second="120" amount="-1"/>
        <kerning first="47" second="121" amount="-1"/>
        <kerning first="48" second="39" amount="-1"/>
        <kerning first="48" second="41" amount="-1"/>
        <kerning first="48" second="42" amount="-1"/>
        <kerning first="48" second="50" amount="-1"/>
        <kerning first="48" second="55" amount="-1"/>
        <kerning first="48" second="63" amount="-1"/>
        <kerning first="48" second="84" amount="-1"/>
        <kerning first="48" second="86" amount="-1"/>
        <kerning first="48" second="87" amount="-1"/>
        <kerning first="48" second="89" amount="-1"/>
        <kerning first="48" second="92" amount="-2"/>
        <kerning first="48" second="93" amount="-1"/>
        <kerning first="48" second="131" amount="-1"/>
        <kerning first="48" second="140" amount="-1"/>
        <kerning first="48" second="165" amount="-1"/>
        <kerning first="48" second="176" amount="-1"/>
        <kerning first="50" second="55" amount="-1"/>
        <kerning first="50" second="63" amount="-1"/>
        <kerning first="50" second="84" amount="-1"/>
        <kerning first="50" second="89" amount="-1"/>
        <kerning first="50" second="92" amount="-1"/>
        <kerning first="50" second="131" amount="-1"/>
        <kerning first="50" second="165" amount="-1"/>
        <kerning first="51" second="55" amount="-1"/>
        <kerning first="51" second="63" amount="-1"/>
        <kerning first="51" second="84" amount="-1"/>
        <kerning first="51" second="89" amount="-1"/>
        <kerning first="51" second="92" amount="-1"/>
        <kerning first="51" second="131" amount="-1"/>
        <kerning first="51" second="165" amount="-1"/>
        <kerning first="52" second="39" amount="-1"/>
        <kerning first="52" second="42" amount="-1"/>
        <kerning first="52" second="63" amount="-1"/>
        <kerning first="52" second="84" amount="-1"/>
        <kerning first="52" second="86" amount="-1"/>
        <kerning first="52" second="89" amount="-1"/>
        <kerning first="52" second="92" amount="-1"/>
        <kerning first="52" second="131" amount="-1"/>
        <kerning first="52" second="140" amount="-1"/>
        <kerning first="52" second="165" amount="-1"/>
        <kerning first="52" second="176" amount="-1"/>
        <kerning first="53" second="39" amount="-1"/>
        <kerning first="53" second="42" amount="-1"/>
        <kerning first="53" second="63" amount="-1"/>
        <kerning first="53" second="84" amount="-1"/>
        <kerning first="53" second="86" amount="-1"/>
        <kerning first="53" second="89" amount="-1"/>
        <kerning first="53" second="92" amount="-1"/>
        <kerning first="53" second="131" amount="-1"/>
        <kerning first="53" second="140" amount="-1"/>
        <kerning first="53" second="165" amount="-1"/>
        <kerning first="53" second="176" amount="-1"/>
        <kerning first="54" second="42" amount="-1"/>
        <kerning first="54" second="55" amount="-1"/>
        <kerning first="54" second="63" amount="-1"/>
        <kerning first="54" second="84" amount="-1"/>
        <kerning first="54" second="86" amount="-1"/>
        <kerning first="54" second="87" amount="-1"/>
        <kerning first="54" second="89" amount="-1"/>
        <kerning first="54" second="92" amount="-1"/>
        <kerning first="54" second="131" amount="-1"/>
        <kerning first="54" second="140" amount="-1"/>
        <kerning first="54" second="165" amount="-1"/>
        <kerning first="54" second="176" amount="-1"/>
        <kerning first="55" second="41" amount="-1"/>
        <kerning first="55" second="45" amount="-1"/>
        <kerning first="55" second="46" amount="-2"/>
        <kerning first="55" second="47" amount="-2"/>
        <kerning first="55" second="52" amount="-1"/>
        <kerning first="55" second="65" amount="-2"/>
        <kerning first="55" second="74" amount="-2"/>
        <kerning first="55" second="97" amount="-1"/>
        <kerning first="55" second="99" amount="-1"/>
        <kerning first="55" second="101" amount="-1"/>
        <kerning first="55" second="111" amount="-1"/>
        <kerning first="55" second="112" amount="-1"/>
        <kerning first="55" second="115" amount="-1"/>
        <kerning first="55" second="120" amount="-1"/>
        <kerning first="55" second="128" amount="-1"/>
        <kerning first="55" second="129" amount="-1"/>
        <kerning first="55" second="155" amount="-3"/>
        <kerning first="55" second="162" amount="-1"/>
        <kerning first="55" second="163" amount="-1"/>
        <kerning first="55" second="191" amount="-3"/>
        <kerning first="56" second="39" amount="-1"/>
        <kerning first="56" second="55" amount="-1"/>
        <kerning first="56" second="63" amount="-1"/>
        <kerning first="56" second="84" amount="-1"/>
        <kerning first="56" second="86" amount="-1"/>
        <kerning first="56" second="87" amount="-1"/>
        <kerning first="56" second="89" amount="-1"/>
        <kerning first="56" second="92" amount="-1"/>
        <kerning first="56" second="131" amount="-1"/>
        <kerning first="56" second="165" amount="-1"/>
        <kerning first="57" second="39" amount="-1"/>
        <kerning first="57" second="41" amount="-1"/>
        <kerning first="57" second="42" amount="-1"/>
        <kerning first="57" second="50" amount="-1"/>
        <kerning first="57" second="55" amount="-1"/>
        <kerning first="57" second="63" amount="-1"/>
        <kerning first="57" second="84" amount="-1"/>
        <kerning first="57" second="86" amount="-1"/>
        <kerning first="57" second="87" amount="-1"/>
        <kerning first="57" second="88" amount="-1"/>
        <kerning first="57" second="89" amount="-1"/>
        <kerning first="57" second="92" amount="-2"/>
        <kerning first="57" second="93" amount="-1"/>
        <kerning first="57" second="131" amount="-1"/>
        <kerning first="57" second="140" amount="-1"/>
        <kerning first="57" second="165" amount="-1"/>
        <kerning first="57" second="176" amount="-1"/>
        <kerning first="58" second="84" amount="-1"/>
        <kerning first="58" second="86" amount="-1"/>
        <kerning first="58" second="89" amount="-1"/>
        <kerning first="59" second="84" amount="-1"/>
        <kerning first="59" second="86" amount="-1"/>
        <kerning first="59" second="87" amount="-1"/>
        <kerning first="59" second="89" amount="-1"/>
        <kerning first="63" second="51" amount="-1"/>
        <kerning first="63" second="52" amount="-1"/>
        <kerning first="63" second="56" amount="-1"/>
        <kerning first="63" second="65" amount="-1"/>
        <kerning first="63" second="74" amount="-1"/>
        <kerning first="63" second="88" amount="-1"/>
        <kerning first="63" second="89" amount="-1"/>
        <kerning first="63" second="90" amount="-1"/>
        <kerning first="64" second="50" amount="-1"/>
        <kerning first="64" second="51" amount="-1"/>
        <kerning first="64" second="55" amount="-1"/>
        <kerning first="64" second="74" amount="-1"/>
        <kerning first="64" second="84" amount="-2"/>
        <kerning first="64" second="86" amount="-1"/>
        <kerning first="64" second="87" amount="-1"/>
        <kerning first="64" second="88" amount="-1"/>
        <kerning first="64" second="89" amount="-1"/>
        <kerning first="65" second="39" amount="-1"/>
        <kerning first="65" second="42" amount="-1"/>
        <kerning first="65" second="48" amount="-1"/>
        <kerning first="65" second="49" amount="-1"/>
        <kerning first="65" second="55" amount="-1"/>
        <kerning first="65" second="63" amount="-1"/>
        <kerning first="65" second="84" amount="-2"/>
        <kerning first="65" second="86" amount="-1"/>
        <kerning first="65" second="87" amount="-1"/>
        <kerning first="65" second="89" amount="-2"/>
        <kerning first="65" second="92" amount="-2"/>
        <kerning first="65" second="140" amount="-1"/>
        <kerning first="65" second="176" amount="-1"/>
        <kerning first="66" second="42" amount="-1"/>
        <kerning first="66" second="63" amount="-1"/>
        <kerning first="66" second="84" amount="-1"/>
        <kerning first="66" second="86" amount="-1"/>
        <kerning first="66" second="89" amount="-1"/>
        <kerning first="66" second="92" amount="-1"/>
        <kerning first="67" second="52" amount="-1"/>
        <kerning first="67" second="63" amount="-1"/>
        <kerning first="67" second="84" amount="-1"/>
        <kerning first="67" second="86" amount="-1"/>
        <kerning first="67" second="89" amount="-1"/>
        <kerning first="67" second="92" amount="-1"/>
        <kerning first="68" second="39" amount="-1"/>
        <kerning first="68" second="41" amount="-1"/>
        <kerning first="68" second="42" amount="-1"/>
        <kerning first="68" second="46" amount="-1"/>
        <kerning first="68" second="50" amount="-1"/>
        <kerning first="68" second="51" amount="-1"/>
        <kerning first="68" second="55" amount="-1"/>
        <kerning first="68" second="63" amount="-2"/>
        <kerning first="68" second="84" amount="-2"/>
        <kerning first="68" second="86" amount="-1"/>
        <kerning first="68" second="87" amount="-1"/>
        <kerning first="68" second="88" amount="-1"/>
        <kerning first="68" second="89" amount="-1"/>
        <kerning first="68" second="90" amount="-1"/>
        <kerning first="68" second="92" amount="-2"/>
        <kerning first="68" second="93" amount="-1"/>
        <kerning first="68" second="140" amount="-1"/>
        <kerning first="68" second="155" amount="-1"/>
        <kerning first="68" second="176" amount="-1"/>
        <kerning first="68" second="191" amount="-1"/>
        <kerning first="70" second="46" amount="-1"/>
        <kerning first="70" second="47" amount="-1"/>
        <kerning first="70" second="65" amount="-1"/>
        <kerning first="70" second="74" amount="-1"/>
        <kerning first="70" second="97" amount="-1"/>
        <kerning first="70" second="120" amount="-1"/>
        <kerning first="70" second="155" amount="-1"/>
        <kerning first="70" second="191" amount="-1"/>
        <kerning first="71" second="39" amount="-1"/>
        <kerning first="71" second="42" amount="-1"/>
        <kerning first="71" second="55" amount="-1"/>
        <kerning first="71" second="63" amount="-1"/>
        <kerning first="71" second="84" amount="-1"/>
        <kerning first="71" second="86" amount="-1"/>
        <kerning first="71" second="87" amount="-1"/>
        <kerning first="71" second="89" amount="-1"/>
        <kerning first="71" second="92" amount="-1"/>
        <kerning first="71" second="140" amount="-1"/>
        <kerning first="71" second="176" amount="-1"/>
        <kerning first="74" second="46" amount="-1"/>
        <kerning first="74" second="74" amount="-1"/>
        <kerning first="74" second="155" amount="-1"/>
        <kerning first="74" second="191" amount="-1"/>
        <kerning first="75" second="45" amount="-1"/>
        <kerning first="75" second="52" amount="-1"/>
        <kerning first="75" second="54" amount="-1"/>
        <kerning first="75" second="67" amount="-1"/>
        <kerning first="75" second="74" amount="-1"/>
        <kerning first="76" second="38" amount="-1"/>
        <kerning first="76" second="39" amount="-1"/>
        <kerning first="76" second="42" amount="-2"/>
        <kerning first="76" second="45" amount="-1"/>
        <kerning first="76" second="46" amount="1"/>
        <kerning first="76" second="47" amount="1"/>
        <kerning first="76" second="48" amount="-1"/>
        <kerning first="76" second="49" amount="-1"/>
        <kerning first="76" second="52" amount="-1"/>
        <kerning first="76" second="54" amount="-1"/>
        <kerning first="76" second="57" amount="-1"/>
        <kerning first="76" second="63" amount="-1"/>
        <kerning first="76" second="64" amount="-1"/>
        <kerning first="76" second="66" amount="-1"/>
        <kerning first="76" second="67" amount="-1"/>
        <kerning first="76" second="68" amount="-1"/>
        <kerning first="76" second="71" amount="-1"/>
        <kerning first="76" second="79" amount="-1"/>
        <kerning first="76" second="83" amount="-1"/>
        <kerning first="76" second="84" amount="-2"/>
        <kerning first="76" second="85" amount="-1"/>
        <kerning first="76" second="86" amount="-2"/>
        <kerning first="76" second="87" amount="-1"/>
        <kerning first="76" second="89" amount="-2"/>
        <kerning first="76" second="92" amount="-3"/>
        <kerning first="76" second="116" amount="-1"/>
        <kerning first="76" second="118" amount="-1"/>
        <kerning first="76" second="119" amount="-1"/>
        <kerning first="76" second="140" amount="-2"/>
        <kerning first="76" second="176" amount="-2"/>
        <kerning first="79" second="39" amount="-1"/>
        <kerning first="79" second="41" amount="-1"/>
        <kerning first="79" second="42" amount="-1"/>
        <kerning first="79" second="46" amount="-1"/>
        <kerning first="79" second="50" amount="-1"/>
        <kerning first="79" second="55" amount="-1"/>
        <kerning first="79" second="63" amount="-1"/>
        <kerning first="79" second="84" amount="-2"/>
        <kerning first="79" second="86" amount="-1"/>
        <kerning first="79" second="87" amount="-1"/>
        <kerning first="79" second="88" amount="-1"/>
        <kerning first="79" second="89" amount="-1"/>
        <kerning first="79" second="92" amount="-2"/>
        <kerning first="79" second="93" amount="-1"/>
        <kerning first="79" second="140" amount="-1"/>
        <kerning first="79" second="176" amount="-1"/>
        <kerning first="80" second="41" amount="-1"/>
        <kerning first="80" second="42" amount="-1"/>
        <kerning first="80" second="46" amount="-2"/>
        <kerning first="80" second="47" amount="-1"/>
        <kerning first="80" second="51" amount="-1"/>
        <kerning first="80" second="55" amount="-1"/>
        <kerning first="80" second="63" amount="-1"/>
        <kerning first="80" second="65" amount="-1"/>
        <kerning first="80" second="74" amount="-1"/>
        <kerning first="80" second="84" amount="-1"/>
        <kerning first="80" second="86" amount="-1"/>
        <kerning first="80" second="88" amount="-1"/>
        <kerning first="80" second="89" amount="-1"/>
        <kerning first="80" second="90" amount="-1"/>
        <kerning first="80" second="92" amount="-1"/>
        <kerning first="80" second="93" amount="-1"/>
        <kerning first="80" second="155" amount="-2"/>
        <kerning first="80" second="191" amount="-2"/>
        <kerning first="82" second="39" amount="-1"/>
        <kerning first="82" second="63" amount="-1"/>
        <kerning first="82" second="74" amount="-1"/>
        <kerning first="82" second="84" amount="-1"/>
        <kerning first="82" second="86" amount="-1"/>
        <kerning first="82" second="87" amount="-1"/>
        <kerning first="82" second="89" amount="-1"/>
        <kerning first="82" second="92" amount="-1"/>
        <kerning first="83" second="63" amount="-1"/>
        <kerning first="83" second="84" amount="-1"/>
        <kerning first="83" second="86" amount="-1"/>
        <kerning first="83" second="87" amount="-1"/>
        <kerning first="83" second="89" amount="-1"/>
        <kerning first="83" second="92" amount="-1"/>
        <kerning first="83" second="140" amount="-1"/>
        <kerning first="83" second="176" amount="-1"/>
        <kerning first="84" second="45" amount="-1"/>
        <kerning first="84" second="46" amount="-1"/>
        <kerning first="84" second="47" amount="-1"/>
        <kerning first="84" second="52" amount="-1"/>
        <kerning first="84" second="65" amount="-1"/>
        <kerning first="84" second="74" amount="-2"/>
        <kerning first="84" second="84" amount="-2"/>
        <kerning first="84" second="97" amount="-1"/>
        <kerning first="84" second="99" amount="-1"/>
        <kerning first="84" second="101" amount="-1"/>
        <kerning first="84" second="109" amount="-1"/>
        <kerning first="84" second="110" amount="-1"/>
        <kerning first="84" second="111" amount="-1"/>
        <kerning first="84" second="112" amount="-1"/>
        <kerning first="84" second="114" amount="-1"/>
        <kerning first="84" second="115" amount="-1"/>
        <kerning first="84" second="117" amount="-1"/>
        <kerning first="84" second="120" amount="-1"/>
        <kerning first="84" second="121" amount="-1"/>
        <kerning first="84" second="155" amount="-2"/>
        <kerning first="84" second="191" amount="-2"/>
        <kerning first="85" second="46" amount="-1"/>
        <kerning first="85" second="89" amount="-1"/>
        <kerning first="85" second="92" amount="-1"/>
        <kerning first="85" second="93" amount="-1"/>
        <kerning first="86" second="46" amount="-1"/>
        <kerning first="86" second="47" amount="-1"/>
        <kerning first="86" second="52" amount="-1"/>
        <kerning first="86" second="65" amount="-1"/>
        <kerning first="86" second="74" amount="-1"/>
        <kerning first="86" second="155" amount="-1"/>
        <kerning first="86" second="191" amount="-1"/>
        <kerning first="87" second="46" amount="-1"/>
        <kerning first="87" second="47" amount="-1"/>
        <kerning first="87" second="65" amount="-1"/>
        <kerning first="87" second="74" amount="-1"/>
        <kerning first="87" second="155" amount="-1"/>
        <kerning first="87" second="191" amount="-1"/>
        <kerning first="88" second="48" amount="-1"/>
        <kerning first="88" second="52" amount="-1"/>
        <kerning first="88" second="67" amount="-1"/>
        <kerning first="88" second="97" amount="-1"/>
        <kerning first="88" second="99" amount="-1"/>
        <kerning first="88" second="101" amount="-1"/>
        <kerning first="88" second="111" amount="-1"/>
        <kerning first="89" second="46" amount="-2"/>
        <kerning first="89" second="47" amount="-1"/>
        <kerning first="89" second="52" amount="-1"/>
        <kerning first="89" second="65" amount="-2"/>
        <kerning first="89" second="74" amount="-2"/>
        <kerning first="89" second="97" amount="-1"/>
        <kerning first="89" second="99" amount="-1"/>
        <kerning first="89" second="101" amount="-1"/>
        <kerning first="89" second="111" amount="-1"/>
        <kerning first="89" second="155" amount="-2"/>
        <kerning first="89" second="191" amount="-2"/>
        <kerning first="90" second="52" amount="-1"/>
        <kerning first="90" second="71" amount="-1"/>
        <kerning first="90" second="74" amount="-1"/>
        <kerning first="90" second="97" amount="-1"/>
        <kerning first="90" second="99" amount="-1"/>
        <kerning first="90" second="101" amount="-1"/>
        <kerning first="90" second="111" amount="-1"/>
        <kerning first="91" second="48" amount="-1"/>
        <kerning first="91" second="52" amount="-1"/>
        <kerning first="91" second="54" amount="-1"/>
        <kerning first="91" second="67" amount="-1"/>
        <kerning first="91" second="71" amount="-1"/>
        <kerning first="91" second="79" amount="-1"/>
        <kerning first="92" second="48" amount="-1"/>
        <kerning first="92" second="52" amount="-1"/>
        <kerning first="92" second="54" amount="-1"/>
        <kerning first="92" second="55" amount="-1"/>
        <kerning first="92" second="56" amount="-1"/>
        <kerning first="92" second="57" amount="-1"/>
        <kerning first="92" second="67" amount="-1"/>
        <kerning first="92" second="71" amount="-1"/>
        <kerning first="92" second="79" amount="-1"/>
        <kerning first="92" second="84" amount="-3"/>
        <kerning first="92" second="85" amount="-1"/>
        <kerning first="92" second="86" amount="-2"/>
        <kerning first="92" second="87" amount="-1"/>
        <kerning first="92" second="89" amount="-2"/>
        <kerning first="92" second="92" amount="-5"/>
        <kerning first="92" second="97" amount="-1"/>
        <kerning first="92" second="99" amount="-1"/>
        <kerning first="92" second="101" amount="-1"/>
        <kerning first="92" second="111" amount="-1"/>
        <kerning first="92" second="116" amount="-1"/>
        <kerning first="92" second="118" amount="-1"/>
        <kerning first="97" second="39" amount="-1"/>
        <kerning first="97" second="42" amount="-1"/>
        <kerning first="97" second="55" amount="-1"/>
        <kerning first="97" second="63" amount="-1"/>
        <kerning first="97" second="84" amount="-2"/>
        <kerning first="97" second="86" amount="-1"/>
        <kerning first="97" second="87" amount="-1"/>
        <kerning first="97" second="89" amount="-2"/>
        <kerning first="97" second="92" amount="-2"/>
        <kerning first="97" second="140" amount="-1"/>
        <kerning first="97" second="176" amount="-1"/>
        <kerning first="98" second="39" amount="-1"/>
        <kerning first="98" second="42" amount="-2"/>
        <kerning first="98" second="55" amount="-1"/>
        <kerning first="98" second="57" amount="-1"/>
        <kerning first="98" second="63" amount="-1"/>
        <kerning first="98" second="84" amount="-2"/>
        <kerning first="98" second="86" amount="-1"/>
        <kerning first="98" second="87" amount="-1"/>
        <kerning first="98" second="89" amount="-2"/>
        <kerning first="98" second="92" amount="-3"/>
        <kerning first="98" second="119" amount="-1"/>
        <kerning first="98" second="140" amount="-1"/>
        <kerning first="98" second="176" amount="-1"/>
        <kerning first="99" second="39" amount="-1"/>
        <kerning first="99" second="42" amount="-1"/>
        <kerning first="99" second="57" amount="-1"/>
        <kerning first="99" second="63" amount="-1"/>
        <kerning first="99" second="84" amount="-2"/>
        <kerning first="99" second="86" amount="-1"/>
        <kerning first="99" second="89" amount="-2"/>
        <kerning first="99" second="92" amount="-2"/>
        <kerning first="99" second="140" amount="-1"/>
        <kerning first="99" second="176" amount="-1"/>
        <kerning first="101" second="35" amount="-1"/>
        <kerning first="101" second="39" amount="-1"/>
        <kerning first="101" second="42" amount="-1"/>
        <kerning first="101" second="55" amount="-1"/>
        <kerning first="101" second="57" amount="-1"/>
        <kerning first="101" second="63" amount="-1"/>
        <kerning first="101" second="84" amount="-2"/>
        <kerning first="101" second="86" amount="-1"/>
        <kerning first="101" second="87" amount="-1"/>
        <kerning first="101" second="89" amount="-1"/>
        <kerning first="101" second="92" amount="-2"/>
        <kerning first="101" second="140" amount="-1"/>
        <kerning first="101" second="176" amount="-1"/>
        <kerning first="102" second="42" amount="1"/>
        <kerning first="102" second="46" amount="-1"/>
        <kerning first="102" second="65" amount="-1"/>
        <kerning first="102" second="74" amount="-1"/>
        <kerning first="104" second="39" amount="-1"/>
        <kerning first="104" second="42" amount="-2"/>
        <kerning first="104" second="55" amount="-1"/>
        <kerning first="104" second="63" amount="-1"/>
        <kerning first="104" second="84" amount="-2"/>
        <kerning first="104" second="86" amount="-1"/>
        <kerning first="104" second="89" amount="-1"/>
        <kerning first="104" second="92" amount="-2"/>
        <kerning first="104" second="140" amount="-1"/>
        <kerning first="104" second="176" amount="-1"/>
        <kerning first="107" second="39" amount="-1"/>
        <kerning first="107" second="42" amount="-1"/>
        <kerning first="107" second="63" amount="-1"/>
        <kerning first="107" second="84" amount="-1"/>
        <kerning first="107" second="86" amount="-1"/>
        <kerning first="107" second="87" amount="-1"/>
        <kerning first="107" second="89" amount="-1"/>
        <kerning first="107" second="92" amount="-2"/>
        <kerning first="107" second="140" amount="-1"/>
        <kerning first="107" second="176" amount="-1"/>
        <kerning first="109" second="39" amount="-1"/>
        <kerning first="109" second="42" amount="-1"/>
        <kerning first="109" second="55" amount="-1"/>
        <kerning first="109" second="63" amount="-1"/>
        <kerning first="109" second="84" amount="-2"/>
        <kerning first="109" second="86" amount="-1"/>
        <kerning first="109" second="89" amount="-1"/>
        <kerning first="109" second="92" amount="-2"/>
        <kerning first="109" second="140" amount="-1"/>
        <kerning first="109" second="176" amount="-1"/>
        <kerning first="110" second="39" amount="-1"/>
        <kerning first="110" second="42" amount="-1"/>
        <kerning first="110" second="55" amount="-1"/>
        <kerning first="110" second="63" amount="-1"/>
        <kerning first="110" second="84" amount="-2"/>
        <kerning first="110" second="86" amount="-1"/>
        <kerning first="110" second="89" amount="-1"/>
        <kerning first="110" second="92" amount="-2"/>
        <kerning first="110" second="140" amount="-1"/>
        <kerning first="110" second="176" amount="-1"/>
        <kerning first="111" second="39" amount="-2"/>
        <kerning first="111" second="41" amount="-1"/>
        <kerning first="111" second="42" amount="-2"/>
        <kerning first="111" second="55" amount="-1"/>
        <kerning first="111" second="63" amount="-2"/>
        <kerning first="111" second="84" amount="-2"/>
        <kerning first="111" second="86" amount="-1"/>
        <kerning first="111" second="87" amount="-1"/>
        <kerning first="111" second="89" amount="-2"/>
        <kerning first="111" second="92" amount="-3"/>
        <kerning first="111" second="140" amount="-2"/>
        <kerning first="111" second="176" amount="-2"/>
        <kerning first="112" second="39" amount="-1"/>
        <kerning first="112" second="42" amount="-2"/>
        <kerning first="112" second="55" amount="-1"/>
        <kerning first="112" second="63" amount="-1"/>
        <kerning first="112" second="84" amount="-2"/>
        <kerning first="112" second="86" amount="-1"/>
        <kerning first="112" second="87" amount="-1"/>
        <kerning first="112" second="89" amount="-2"/>
        <kerning first="112" second="92" amount="-3"/>
        <kerning first="112" second="140" amount="-2"/>
        <kerning first="112" second="176" amount="-2"/>
        <kerning first="114" second="51" amount="-1"/>
        <kerning first="114" second="55" amount="-1"/>
        <kerning first="114" second="63" amount="-1"/>
        <kerning first="114" second="65" amount="-1"/>
        <kerning first="114" second="74" amount="-1"/>
        <kerning first="114" second="84" amount="-1"/>
        <kerning first="114" second="86" amount="-1"/>
        <kerning first="114" second="88" amount="-1"/>
        <kerning first="114" second="89" amount="-1"/>
        <kerning first="114" second="92" amount="-1"/>
        <kerning first="115" second="39" amount="-1"/>
        <kerning first="115" second="42" amount="-1"/>
        <kerning first="115" second="63" amount="-1"/>
        <kerning first="115" second="84" amount="-1"/>
        <kerning first="115" second="86" amount="-1"/>
        <kerning first="115" second="89" amount="-1"/>
        <kerning first="115" second="92" amount="-2"/>
        <kerning first="115" second="140" amount="-1"/>
        <kerning first="115" second="176" amount="-1"/>
        <kerning first="116" second="63" amount="-1"/>
        <kerning first="116" second="84" amount="-1"/>
        <kerning first="116" second="89" amount="-1"/>
        <kerning first="116" second="92" amount="-1"/>
        <kerning first="116" second="116" amount="-1"/>
        <kerning first="117" second="39" amount="-1"/>
        <kerning first="117" second="42" amount="-1"/>
        <kerning first="117" second="63" amount="-1"/>
        <kerning first="117" second="84" amount="-1"/>
        <kerning first="117" second="89" amount="-1"/>
        <kerning first="117" second="92" amount="-2"/>
        <kerning first="117" second="140" amount="-1"/>
        <kerning first="117" second="176" amount="-1"/>
        <kerning first="118" second="39" amount="-1"/>
        <kerning first="118" second="42" amount="-1"/>
        <kerning first="118" second="46" amount="-1"/>
        <kerning first="118" second="51" amount="-1"/>
        <kerning first="118" second="55" amount="-1"/>
        <kerning first="118" second="63" amount="-1"/>
        <kerning first="118" second="84" amount="-1"/>
        <kerning first="118" second="86" amount="-1"/>
        <kerning first="118" second="88" amount="-1"/>
        <kerning first="118" second="89" amount="-1"/>
        <kerning first="118" second="92" amount="-2"/>
        <kerning first="118" second="140" amount="-1"/>
        <kerning first="118" second="176" amount="-1"/>
        <kerning first="119" second="39" amount="-1"/>
        <kerning first="119" second="42" amount="-1"/>
        <kerning first="119" second="46" amount="-1"/>
        <kerning first="119" second="55" amount="-1"/>
        <kerning first="119" second="63" amount="-1"/>
        <kerning first="119" second="84" amount="-1"/>
        <kerning first="119" second="86" amount="-1"/>
        <kerning first="119" second="89" amount="-1"/>
        <kerning first="119" second="92" amount="-2"/>
        <kerning first="119" second="140" amount="-1"/>
        <kerning first="119" second="176" amount="-1"/>
        <kerning first="120" second="39" amount="-1"/>
        <kerning first="120" second="42" amount="-1"/>
        <kerning first="120" second="55" amount="-1"/>
        <kerning first="120" second="63" amount="-1"/>
        <kerning first="120" second="84" amount="-1"/>
        <kerning first="120" second="86" amount="-1"/>
        <kerning first="120" second="89" amount="-1"/>
        <kerning first="120" second="92" amount="-2"/>
        <kerning first="120" second="140" amount="-1"/>
        <kerning first="120" second="176" amount="-1"/>
        <kerning first="121" second="42" amount="-1"/>
        <kerning first="121" second="63" amount="-1"/>
        <kerning first="121" second="84" amount="-1"/>
        <kerning first="121" second="89" amount="-1"/>
        <kerning first="121" second="92" amount="-2"/>
        <kerning first="121" second="140" amount="-1"/>
        <kerning first="121" second="176" amount="-1"/>
        <kerning first="122" second="39" amount="-1"/>
        <kerning first="122" second="42" amount="-1"/>
        <kerning first="122" second="63" amount="-1"/>
        <kerning first="122" second="84" amount="-1"/>
        <kerning first="122" second="86" amount="-1"/>
        <kerning first="122" second="89" amount="-1"/>
        <kerning first="122" second="92" amount="-2"/>
        <kerning first="122" second="140" amount="-1"/>
        <kerning first="122" second="176" amount="-1"/>
        <kerning first="128" second="55" amount="-1"/>
        <kerning first="129" second="55" amount="-1"/>
        <kerning first="131" second="32" amount="-1"/>
        <kerning first="131" second="160" amount="-1"/>
        <kerning first="132" second="35" amount="-1"/>
        <kerning first="133" second="34" amount="-1"/>
        <kerning first="135" second="37" amount="-1"/>
        <kerning first="140" second="38" amount="-1"/>
        <kerning first="140" second="52" amount="-1"/>
        <kerning first="140" second="65" amount="-1"/>
        <kerning first="140" second="74" amount="-1"/>
        <kerning first="141" second="32" amount="-1"/>
        <kerning first="141" second="34" amount="-1"/>
        <kerning first="141" second="160" amount="-1"/>
        <kerning first="142" second="37" amount="-1"/>
        <kerning first="155" second="84" amount="-1"/>
        <kerning first="155" second="86" amount="-1"/>
        <kerning first="155" second="87" amount="-1"/>
        <kerning first="155" second="89" amount="-1"/>
        <kerning first="162" second="55" amount="-1"/>
        <kerning first="163" second="55" amount="-1"/>
        <kerning first="165" second="32" amount="-1"/>
        <kerning first="165" second="160" amount="-1"/>
        <kerning first="166" second="35" amount="-1"/>
        <kerning first="167" second="34" amount="-1"/>
        <kerning first="169" second="37" amount="-1"/>
        <kerning first="176" second="38" amount="-1"/>
        <kerning first="176" second="52" amount="-1"/>
        <kerning first="176" second="65" amount="-1"/>
        <kerning first="176" second="74" amount="-1"/>
        <kerning first="177" second="32" amount="-1"/>
        <kerning first="177" second="34" amount="-1"/>
        <kerning first="177" second="160" amount="-1"/>
        <kerning first="178" second="37" amount="-1"/>
        <kerning first="191" second="84" amount="-1"/>
        <kerning first="191" second="86" amount="-1"/>
        <kerning first="191" second="87" amount="-1"/>
        <kerning first="191" second="89" amount="-1"/>
        <kerning first="197" second="32" amount="-1"/>
        <kerning first="197" second="160" amount="-1"/>
        <kerning first="198" second="35" amount="-1"/>
        <kerning first="199" second="34" amount="-1"/>
        <kerning first="201" second="37" amount="-1"/>
        <kerning first="227" second="35" amount="-1"/>
        <kerning first="227" second="37" amount="-1"/>
        <kerning first="230" second="34" amount="-1"/>
        <kerning first="230" second="36" amount="-1"/>
        <kerning first="236" second="38" amount="-1"/>
        <kerning first="237" second="32" amount="-1"/>
        <kerning first="237" second="34" amount="-1"/>
        <kerning first="237" second="36" amount="-1"/>
        <kerning first="237" second="37" amount="-1"/>
        <kerning first="237" second="160" amount="-1"/>
        <kerning first="238" second="37" amount="-1"/>
        <kerning first="240" second="33" amount="-1"/>
        <kerning first="240" second="34" amount="-2"/>
        <kerning first="240" second="35" amount="-1"/>
        <kerning first="240" second="36" amount="-2"/>
        <kerning first="240" second="37" amount="-1"/>
        <kerning first="243" second="36" amount="-1"/>
        <kerning first="243" second="38" amount="-1"/>
        <kerning first="246" second="37" amount="-3"/>
        <kerning first="246" second="38" amount="-1"/>
        <kerning first="247" second="32" amount="-2"/>
        <kerning first="247" second="34" amount="-1"/>
        <kerning first="247" second="160" amount="-2"/>
        <kerning first="248" second="35" amount="-2"/>
        <kerning first="248" second="37" amount="-1"/>
        <kerning first="249" second="34" amount="-2"/>
        <kerning first="251" second="37" amount="-1"/>
        <kerning first="253" second="32" amount="-1"/>
        <kerning first="253" second="34" amount="-1"/>
        <kerning first="253" second="35" amount="-1"/>
        <kerning first="253" second="37" amount="-1"/>
        <kerning first="253" second="160" amount="-1"/>
    </kernings>
</font>