{"frames": {

"characters_anais_bicycle_kick0001.png":
{
	"frame": {"x":498,"y":217,"w":87,"h":104},
	"rotated": false,
	"trimmed": true,
	"spriteSourceSize": {"x":59,"y":113,"w":87,"h":104},
	"sourceSize": {"w":240,"h":240}
},
"characters_anais_bicycle_kick0002.png":
{
	"frame": {"x":498,"y":217,"w":87,"h":104},
	"rotated": false,
	"trimmed": true,
	"spriteSourceSize": {"x":59,"y":113,"w":87,"h":104},
	"sourceSize": {"w":240,"h":240}
},
"characters_anais_bicycle_kick0003.png":
{
	"frame": {"x":376,"y":111,"w":87,"h":106},
	"rotated": false,
	"trimmed": true,
	"spriteSourceSize": {"x":59,"y":108,"w":87,"h":106},
	"sourceSize": {"w":240,"h":240}
},
"characters_anais_bicycle_kick0004.png":
{
	"frame": {"x":376,"y":111,"w":87,"h":106},
	"rotated": false,
	"trimmed": true,
	"spriteSourceSize": {"x":59,"y":108,"w":87,"h":106},
	"sourceSize": {"w":240,"h":240}
},
"characters_anais_bicycle_kick0005.png":
{
	"frame": {"x":498,"y":217,"w":87,"h":104},
	"rotated": false,
	"trimmed": true,
	"spriteSourceSize": {"x":59,"y":113,"w":87,"h":104},
	"sourceSize": {"w":240,"h":240}
},
"characters_anais_bicycle_kick0006.png":
{
	"frame": {"x":498,"y":217,"w":87,"h":104},
	"rotated": false,
	"trimmed": true,
	"spriteSourceSize": {"x":59,"y":113,"w":87,"h":104},
	"sourceSize": {"w":240,"h":240}
},
"characters_anais_bicycle_kick0007.png":
{
	"frame": {"x":563,"y":2,"w":100,"h":101},
	"rotated": false,
	"trimmed": true,
	"spriteSourceSize": {"x":39,"y":114,"w":100,"h":101},
	"sourceSize": {"w":240,"h":240}
},
"characters_anais_bicycle_kick0008.png":
{
	"frame": {"x":563,"y":2,"w":100,"h":101},
	"rotated": false,
	"trimmed": true,
	"spriteSourceSize": {"x":39,"y":114,"w":100,"h":101},
	"sourceSize": {"w":240,"h":240}
},
"characters_anais_bicycle_kick0009.png":
{
	"frame": {"x":950,"y":189,"w":106,"h":90},
	"rotated": false,
	"trimmed": true,
	"spriteSourceSize": {"x":35,"y":124,"w":106,"h":90},
	"sourceSize": {"w":240,"h":240}
},
"characters_anais_bicycle_kick0010.png":
{
	"frame": {"x":950,"y":189,"w":106,"h":90},
	"rotated": false,
	"trimmed": true,
	"spriteSourceSize": {"x":35,"y":124,"w":106,"h":90},
	"sourceSize": {"w":240,"h":240}
},
"characters_anais_bicycle_kick0011.png":
{
	"frame": {"x":92,"y":233,"w":119,"h":109},
	"rotated": false,
	"trimmed": true,
	"spriteSourceSize": {"x":54,"y":103,"w":119,"h":109},
	"sourceSize": {"w":240,"h":240}
},
"characters_anais_bicycle_kick0012.png":
{
	"frame": {"x":92,"y":233,"w":119,"h":109},
	"rotated": false,
	"trimmed": true,
	"spriteSourceSize": {"x":54,"y":103,"w":119,"h":109},
	"sourceSize": {"w":240,"h":240}
},
"characters_anais_bicycle_kick0013.png":
{
	"frame": {"x":561,"y":108,"w":129,"h":103},
	"rotated": false,
	"trimmed": true,
	"spriteSourceSize": {"x":46,"y":109,"w":129,"h":103},
	"sourceSize": {"w":240,"h":240}
},
"characters_anais_celebrate0001.png":
{
	"frame": {"x":2,"y":233,"w":88,"h":110},
	"rotated": false,
	"trimmed": true,
	"spriteSourceSize": {"x":61,"y":107,"w":88,"h":110},
	"sourceSize": {"w":240,"h":240}
},
"characters_anais_celebrate0002.png":
{
	"frame": {"x":2,"y":233,"w":88,"h":110},
	"rotated": false,
	"trimmed": true,
	"spriteSourceSize": {"x":61,"y":107,"w":88,"h":110},
	"sourceSize": {"w":240,"h":240}
},
"characters_anais_celebrate0003.png":
{
	"frame": {"x":2,"y":233,"w":88,"h":110},
	"rotated": false,
	"trimmed": true,
	"spriteSourceSize": {"x":61,"y":107,"w":88,"h":110},
	"sourceSize": {"w":240,"h":240}
},
"characters_anais_celebrate0004.png":
{
	"frame": {"x":97,"y":117,"w":91,"h":113},
	"rotated": false,
	"trimmed": true,
	"spriteSourceSize": {"x":56,"y":104,"w":91,"h":113},
	"sourceSize": {"w":240,"h":240}
},
"characters_anais_celebrate0005.png":
{
	"frame": {"x":2,"y":118,"w":93,"h":113},
	"rotated": false,
	"trimmed": true,
	"spriteSourceSize": {"x":51,"y":104,"w":93,"h":113},
	"sourceSize": {"w":240,"h":240}
},
"characters_anais_celebrate0006.png":
{
	"frame": {"x":2,"y":118,"w":93,"h":113},
	"rotated": false,
	"trimmed": true,
	"spriteSourceSize": {"x":51,"y":104,"w":93,"h":113},
	"sourceSize": {"w":240,"h":240}
},
"characters_anais_celebrate0007.png":
{
	"frame": {"x":95,"y":2,"w":92,"h":113},
	"rotated": false,
	"trimmed": true,
	"spriteSourceSize": {"x":54,"y":104,"w":92,"h":113},
	"sourceSize": {"w":240,"h":240}
},
"characters_anais_celebrate0008.png":
{
	"frame": {"x":95,"y":2,"w":92,"h":113},
	"rotated": false,
	"trimmed": true,
	"spriteSourceSize": {"x":54,"y":104,"w":92,"h":113},
	"sourceSize": {"w":240,"h":240}
},
"characters_anais_celebrate0009.png":
{
	"frame": {"x":189,"y":2,"w":88,"h":113},
	"rotated": false,
	"trimmed": true,
	"spriteSourceSize": {"x":60,"y":104,"w":88,"h":113},
	"sourceSize": {"w":240,"h":240}
},
"characters_anais_celebrate0010.png":
{
	"frame": {"x":189,"y":2,"w":88,"h":113},
	"rotated": false,
	"trimmed": true,
	"spriteSourceSize": {"x":60,"y":104,"w":88,"h":113},
	"sourceSize": {"w":240,"h":240}
},
"characters_anais_celebrate0011.png":
{
	"frame": {"x":213,"y":231,"w":87,"h":112},
	"rotated": false,
	"trimmed": true,
	"spriteSourceSize": {"x":62,"y":105,"w":87,"h":112},
	"sourceSize": {"w":240,"h":240}
},
"characters_anais_celebrate0012.png":
{
	"frame": {"x":213,"y":231,"w":87,"h":112},
	"rotated": false,
	"trimmed": true,
	"spriteSourceSize": {"x":62,"y":105,"w":87,"h":112},
	"sourceSize": {"w":240,"h":240}
},
"characters_anais_celebrate0013.png":
{
	"frame": {"x":2,"y":118,"w":93,"h":113},
	"rotated": false,
	"trimmed": true,
	"spriteSourceSize": {"x":51,"y":104,"w":93,"h":113},
	"sourceSize": {"w":240,"h":240}
},
"characters_anais_celebrate0014.png":
{
	"frame": {"x":2,"y":118,"w":93,"h":113},
	"rotated": false,
	"trimmed": true,
	"spriteSourceSize": {"x":51,"y":104,"w":93,"h":113},
	"sourceSize": {"w":240,"h":240}
},
"characters_anais_celebrate0015.png":
{
	"frame": {"x":95,"y":2,"w":92,"h":113},
	"rotated": false,
	"trimmed": true,
	"spriteSourceSize": {"x":54,"y":104,"w":92,"h":113},
	"sourceSize": {"w":240,"h":240}
},
"characters_anais_celebrate0016.png":
{
	"frame": {"x":95,"y":2,"w":92,"h":113},
	"rotated": false,
	"trimmed": true,
	"spriteSourceSize": {"x":54,"y":104,"w":92,"h":113},
	"sourceSize": {"w":240,"h":240}
},
"characters_anais_celebrate0017.png":
{
	"frame": {"x":189,"y":2,"w":88,"h":113},
	"rotated": false,
	"trimmed": true,
	"spriteSourceSize": {"x":60,"y":104,"w":88,"h":113},
	"sourceSize": {"w":240,"h":240}
},
"characters_anais_celebrate0018.png":
{
	"frame": {"x":189,"y":2,"w":88,"h":113},
	"rotated": false,
	"trimmed": true,
	"spriteSourceSize": {"x":60,"y":104,"w":88,"h":113},
	"sourceSize": {"w":240,"h":240}
},
"characters_anais_celebrate0019.png":
{
	"frame": {"x":213,"y":231,"w":87,"h":112},
	"rotated": false,
	"trimmed": true,
	"spriteSourceSize": {"x":62,"y":105,"w":87,"h":112},
	"sourceSize": {"w":240,"h":240}
},
"characters_anais_celebrate0020.png":
{
	"frame": {"x":213,"y":231,"w":87,"h":112},
	"rotated": false,
	"trimmed": true,
	"spriteSourceSize": {"x":62,"y":105,"w":87,"h":112},
	"sourceSize": {"w":240,"h":240}
},
"characters_anais_celebrate0021.png":
{
	"frame": {"x":2,"y":118,"w":93,"h":113},
	"rotated": false,
	"trimmed": true,
	"spriteSourceSize": {"x":51,"y":104,"w":93,"h":113},
	"sourceSize": {"w":240,"h":240}
},
"characters_anais_celebrate0022.png":
{
	"frame": {"x":2,"y":118,"w":93,"h":113},
	"rotated": false,
	"trimmed": true,
	"spriteSourceSize": {"x":51,"y":104,"w":93,"h":113},
	"sourceSize": {"w":240,"h":240}
},
"characters_anais_celebrate0023.png":
{
	"frame": {"x":95,"y":2,"w":92,"h":113},
	"rotated": false,
	"trimmed": true,
	"spriteSourceSize": {"x":54,"y":104,"w":92,"h":113},
	"sourceSize": {"w":240,"h":240}
},
"characters_anais_celebrate0024.png":
{
	"frame": {"x":95,"y":2,"w":92,"h":113},
	"rotated": false,
	"trimmed": true,
	"spriteSourceSize": {"x":54,"y":104,"w":92,"h":113},
	"sourceSize": {"w":240,"h":240}
},
"characters_anais_celebrate0025.png":
{
	"frame": {"x":189,"y":2,"w":88,"h":113},
	"rotated": false,
	"trimmed": true,
	"spriteSourceSize": {"x":60,"y":104,"w":88,"h":113},
	"sourceSize": {"w":240,"h":240}
},
"characters_anais_celebrate0026.png":
{
	"frame": {"x":189,"y":2,"w":88,"h":113},
	"rotated": false,
	"trimmed": true,
	"spriteSourceSize": {"x":60,"y":104,"w":88,"h":113},
	"sourceSize": {"w":240,"h":240}
},
"characters_anais_celebrate0027.png":
{
	"frame": {"x":213,"y":231,"w":87,"h":112},
	"rotated": false,
	"trimmed": true,
	"spriteSourceSize": {"x":62,"y":105,"w":87,"h":112},
	"sourceSize": {"w":240,"h":240}
},
"characters_anais_celebrate0028.png":
{
	"frame": {"x":213,"y":231,"w":87,"h":112},
	"rotated": false,
	"trimmed": true,
	"spriteSourceSize": {"x":62,"y":105,"w":87,"h":112},
	"sourceSize": {"w":240,"h":240}
},
"characters_anais_celebrate0029.png":
{
	"frame": {"x":213,"y":231,"w":87,"h":112},
	"rotated": false,
	"trimmed": true,
	"spriteSourceSize": {"x":62,"y":105,"w":87,"h":112},
	"sourceSize": {"w":240,"h":240}
},
"characters_anais_celebrate0030.png":
{
	"frame": {"x":213,"y":231,"w":87,"h":112},
	"rotated": false,
	"trimmed": true,
	"spriteSourceSize": {"x":62,"y":105,"w":87,"h":112},
	"sourceSize": {"w":240,"h":240}
},
"characters_anais_celebrate0031.png":
{
	"frame": {"x":213,"y":231,"w":87,"h":112},
	"rotated": false,
	"trimmed": true,
	"spriteSourceSize": {"x":62,"y":105,"w":87,"h":112},
	"sourceSize": {"w":240,"h":240}
},
"characters_anais_celebrate0032.png":
{
	"frame": {"x":279,"y":2,"w":91,"h":111},
	"rotated": false,
	"trimmed": true,
	"spriteSourceSize": {"x":56,"y":106,"w":91,"h":111},
	"sourceSize": {"w":240,"h":240}
},
"characters_anais_celebrate0033.png":
{
	"frame": {"x":279,"y":2,"w":91,"h":111},
	"rotated": false,
	"trimmed": true,
	"spriteSourceSize": {"x":56,"y":106,"w":91,"h":111},
	"sourceSize": {"w":240,"h":240}
},
"characters_anais_celebrate0034.png":
{
	"frame": {"x":1595,"y":88,"w":68,"h":83},
	"rotated": false,
	"trimmed": true,
	"spriteSourceSize": {"x":79,"y":134,"w":68,"h":83},
	"sourceSize": {"w":240,"h":240}
},
"characters_anais_celebrate0035.png":
{
	"frame": {"x":1540,"y":2,"w":65,"h":84},
	"rotated": false,
	"trimmed": true,
	"spriteSourceSize": {"x":82,"y":133,"w":65,"h":84},
	"sourceSize": {"w":240,"h":240}
},
"characters_anais_celebrate0036.png":
{
	"frame": {"x":1511,"y":174,"w":64,"h":84},
	"rotated": false,
	"trimmed": true,
	"spriteSourceSize": {"x":82,"y":133,"w":64,"h":84},
	"sourceSize": {"w":240,"h":240}
},
"characters_anais_celebrate0037.png":
{
	"frame": {"x":1642,"y":173,"w":64,"h":83},
	"rotated": false,
	"trimmed": true,
	"spriteSourceSize": {"x":82,"y":134,"w":64,"h":83},
	"sourceSize": {"w":240,"h":240}
},
"characters_anais_celebrate0038.png":
{
	"frame": {"x":1854,"y":2,"w":67,"h":81},
	"rotated": false,
	"trimmed": true,
	"spriteSourceSize": {"x":79,"y":136,"w":67,"h":81},
	"sourceSize": {"w":240,"h":240}
},
"characters_anais_celebrate0039.png":
{
	"frame": {"x":1046,"y":94,"w":67,"h":89},
	"rotated": false,
	"trimmed": true,
	"spriteSourceSize": {"x":79,"y":128,"w":67,"h":89},
	"sourceSize": {"w":240,"h":240}
},
"characters_anais_celebrate0040.png":
{
	"frame": {"x":829,"y":2,"w":64,"h":92},
	"rotated": false,
	"trimmed": true,
	"spriteSourceSize": {"x":82,"y":125,"w":64,"h":92},
	"sourceSize": {"w":240,"h":240}
},
"characters_anais_celebrate0041.png":
{
	"frame": {"x":683,"y":213,"w":63,"h":94},
	"rotated": false,
	"trimmed": true,
	"spriteSourceSize": {"x":82,"y":122,"w":63,"h":94},
	"sourceSize": {"w":240,"h":240}
},
"characters_anais_celebrate0042.png":
{
	"frame": {"x":683,"y":213,"w":63,"h":94},
	"rotated": false,
	"trimmed": true,
	"spriteSourceSize": {"x":82,"y":122,"w":63,"h":94},
	"sourceSize": {"w":240,"h":240}
},
"characters_anais_celebrate0043.png":
{
	"frame": {"x":1058,"y":185,"w":68,"h":88},
	"rotated": false,
	"trimmed": true,
	"spriteSourceSize": {"x":79,"y":129,"w":68,"h":88},
	"sourceSize": {"w":240,"h":240}
},
"characters_anais_celebrate0044.png":
{
	"frame": {"x":1702,"y":258,"w":65,"h":82},
	"rotated": false,
	"trimmed": true,
	"spriteSourceSize": {"x":82,"y":135,"w":65,"h":82},
	"sourceSize": {"w":240,"h":240}
},
"characters_anais_celebrate0045.png":
{
	"frame": {"x":1982,"y":116,"w":64,"h":81},
	"rotated": false,
	"trimmed": true,
	"spriteSourceSize": {"x":82,"y":136,"w":64,"h":81},
	"sourceSize": {"w":240,"h":240}
},
"characters_anais_celebrate0046.png":
{
	"frame": {"x":1876,"y":262,"w":64,"h":81},
	"rotated": false,
	"trimmed": true,
	"spriteSourceSize": {"x":82,"y":136,"w":64,"h":81},
	"sourceSize": {"w":240,"h":240}
},
"characters_anais_celebrate0047.png":
{
	"frame": {"x":1607,"y":2,"w":67,"h":83},
	"rotated": false,
	"trimmed": true,
	"spriteSourceSize": {"x":79,"y":134,"w":67,"h":83},
	"sourceSize": {"w":240,"h":240}
},
"characters_anais_celebrate0048.png":
{
	"frame": {"x":1229,"y":178,"w":67,"h":86},
	"rotated": false,
	"trimmed": true,
	"spriteSourceSize": {"x":79,"y":131,"w":67,"h":86},
	"sourceSize": {"w":240,"h":240}
},
"characters_anais_celebrate0049.png":
{
	"frame": {"x":1058,"y":2,"w":64,"h":89},
	"rotated": false,
	"trimmed": true,
	"spriteSourceSize": {"x":82,"y":127,"w":64,"h":89},
	"sourceSize": {"w":240,"h":240}
},
"characters_anais_celebrate0050.png":
{
	"frame": {"x":764,"y":2,"w":63,"h":93},
	"rotated": false,
	"trimmed": true,
	"spriteSourceSize": {"x":82,"y":122,"w":63,"h":93},
	"sourceSize": {"w":240,"h":240}
},
"characters_anais_celebrate0051.png":
{
	"frame": {"x":764,"y":2,"w":63,"h":93},
	"rotated": false,
	"trimmed": true,
	"spriteSourceSize": {"x":82,"y":122,"w":63,"h":93},
	"sourceSize": {"w":240,"h":240}
},
"characters_anais_celebrate0052.png":
{
	"frame": {"x":764,"y":2,"w":63,"h":93},
	"rotated": false,
	"trimmed": true,
	"spriteSourceSize": {"x":82,"y":122,"w":63,"h":93},
	"sourceSize": {"w":240,"h":240}
},
"characters_anais_celebrate0053.png":
{
	"frame": {"x":1300,"y":2,"w":68,"h":85},
	"rotated": false,
	"trimmed": true,
	"spriteSourceSize": {"x":79,"y":132,"w":68,"h":85},
	"sourceSize": {"w":240,"h":240}
},
"characters_anais_celebrate0054.png":
{
	"frame": {"x":1708,"y":172,"w":65,"h":82},
	"rotated": false,
	"trimmed": true,
	"spriteSourceSize": {"x":82,"y":135,"w":65,"h":82},
	"sourceSize": {"w":240,"h":240}
},
"characters_anais_celebrate0055.png":
{
	"frame": {"x":1731,"y":87,"w":64,"h":82},
	"rotated": false,
	"trimmed": true,
	"spriteSourceSize": {"x":82,"y":135,"w":64,"h":82},
	"sourceSize": {"w":240,"h":240}
},
"characters_anais_celebrate0056.png":
{
	"frame": {"x":1665,"y":87,"w":64,"h":83},
	"rotated": false,
	"trimmed": true,
	"spriteSourceSize": {"x":82,"y":134,"w":64,"h":83},
	"sourceSize": {"w":240,"h":240}
},
"characters_anais_celebrate0057.png":
{
	"frame": {"x":1607,"y":2,"w":67,"h":83},
	"rotated": false,
	"trimmed": true,
	"spriteSourceSize": {"x":79,"y":134,"w":67,"h":83},
	"sourceSize": {"w":240,"h":240}
},
"characters_anais_celebrate0058.png":
{
	"frame": {"x":1370,"y":2,"w":67,"h":85},
	"rotated": false,
	"trimmed": true,
	"spriteSourceSize": {"x":79,"y":132,"w":67,"h":85},
	"sourceSize": {"w":240,"h":240}
},
"characters_anais_celebrate0059.png":
{
	"frame": {"x":1676,"y":2,"w":64,"h":83},
	"rotated": false,
	"trimmed": true,
	"spriteSourceSize": {"x":82,"y":134,"w":64,"h":83},
	"sourceSize": {"w":240,"h":240}
},
"characters_anais_celebrate0060.png":
{
	"frame": {"x":1577,"y":174,"w":63,"h":84},
	"rotated": false,
	"trimmed": true,
	"spriteSourceSize": {"x":82,"y":133,"w":63,"h":84},
	"sourceSize": {"w":240,"h":240}
},
"characters_anais_dash0001.png":
{
	"frame": {"x":1298,"y":177,"w":110,"h":84},
	"rotated": false,
	"trimmed": true,
	"spriteSourceSize": {"x":40,"y":132,"w":110,"h":84},
	"sourceSize": {"w":240,"h":240}
},
"characters_anais_dash0002.png":
{
	"frame": {"x":1742,"y":2,"w":110,"h":81},
	"rotated": false,
	"trimmed": true,
	"spriteSourceSize": {"x":40,"y":135,"w":110,"h":81},
	"sourceSize": {"w":240,"h":240}
},
"characters_anais_dash0003.png":
{
	"frame": {"x":1769,"y":256,"w":105,"h":81},
	"rotated": false,
	"trimmed": true,
	"spriteSourceSize": {"x":45,"y":136,"w":105,"h":81},
	"sourceSize": {"w":240,"h":240}
},
"characters_anais_dash0004.png":
{
	"frame": {"x":1443,"y":261,"w":105,"h":82},
	"rotated": false,
	"trimmed": true,
	"spriteSourceSize": {"x":45,"y":135,"w":105,"h":82},
	"sourceSize": {"w":240,"h":240}
},
"characters_anais_dash0005.png":
{
	"frame": {"x":1393,"y":89,"w":99,"h":84},
	"rotated": false,
	"trimmed": true,
	"spriteSourceSize": {"x":51,"y":132,"w":99,"h":84},
	"sourceSize": {"w":240,"h":240}
},
"characters_anais_dash0006.png":
{
	"frame": {"x":1124,"y":2,"w":99,"h":86},
	"rotated": false,
	"trimmed": true,
	"spriteSourceSize": {"x":51,"y":129,"w":99,"h":86},
	"sourceSize": {"w":240,"h":240}
},
"characters_anais_dash0007.png":
{
	"frame": {"x":1298,"y":177,"w":110,"h":84},
	"rotated": false,
	"trimmed": true,
	"spriteSourceSize": {"x":40,"y":132,"w":110,"h":84},
	"sourceSize": {"w":240,"h":240}
},
"characters_anais_dash0008.png":
{
	"frame": {"x":1742,"y":2,"w":110,"h":81},
	"rotated": false,
	"trimmed": true,
	"spriteSourceSize": {"x":40,"y":135,"w":110,"h":81},
	"sourceSize": {"w":240,"h":240}
},
"characters_anais_dash0009.png":
{
	"frame": {"x":1769,"y":256,"w":105,"h":81},
	"rotated": false,
	"trimmed": true,
	"spriteSourceSize": {"x":45,"y":136,"w":105,"h":81},
	"sourceSize": {"w":240,"h":240}
},
"characters_anais_dash0010.png":
{
	"frame": {"x":1443,"y":261,"w":105,"h":82},
	"rotated": false,
	"trimmed": true,
	"spriteSourceSize": {"x":45,"y":135,"w":105,"h":82},
	"sourceSize": {"w":240,"h":240}
},
"characters_anais_dash0011.png":
{
	"frame": {"x":1393,"y":89,"w":99,"h":84},
	"rotated": false,
	"trimmed": true,
	"spriteSourceSize": {"x":51,"y":132,"w":99,"h":84},
	"sourceSize": {"w":240,"h":240}
},
"characters_anais_dash0012.png":
{
	"frame": {"x":1124,"y":2,"w":99,"h":86},
	"rotated": false,
	"trimmed": true,
	"spriteSourceSize": {"x":51,"y":129,"w":99,"h":86},
	"sourceSize": {"w":240,"h":240}
},
"characters_anais_fall0001.png":
{
	"frame": {"x":882,"y":96,"w":87,"h":91},
	"rotated": false,
	"trimmed": true,
	"spriteSourceSize": {"x":63,"y":126,"w":87,"h":91},
	"sourceSize": {"w":240,"h":240}
},
"characters_anais_fall0002.png":
{
	"frame": {"x":882,"y":96,"w":87,"h":91},
	"rotated": false,
	"trimmed": true,
	"spriteSourceSize": {"x":63,"y":126,"w":87,"h":91},
	"sourceSize": {"w":240,"h":240}
},
"characters_anais_fall0003.png":
{
	"frame": {"x":1216,"y":90,"w":74,"h":86},
	"rotated": false,
	"trimmed": true,
	"spriteSourceSize": {"x":78,"y":131,"w":74,"h":86},
	"sourceSize": {"w":240,"h":240}
},
"characters_anais_fall0004.png":
{
	"frame": {"x":1216,"y":90,"w":74,"h":86},
	"rotated": false,
	"trimmed": true,
	"spriteSourceSize": {"x":78,"y":131,"w":74,"h":86},
	"sourceSize": {"w":240,"h":240}
},
"characters_anais_fall0005.png":
{
	"frame": {"x":971,"y":95,"w":73,"h":90},
	"rotated": false,
	"trimmed": true,
	"spriteSourceSize": {"x":85,"y":125,"w":73,"h":90},
	"sourceSize": {"w":240,"h":240}
},
"characters_anais_fall0006.png":
{
	"frame": {"x":971,"y":95,"w":73,"h":90},
	"rotated": false,
	"trimmed": true,
	"spriteSourceSize": {"x":85,"y":125,"w":73,"h":90},
	"sourceSize": {"w":240,"h":240}
},
"characters_anais_fall0007.png":
{
	"frame": {"x":1550,"y":260,"w":74,"h":83},
	"rotated": false,
	"trimmed": true,
	"spriteSourceSize": {"x":94,"y":132,"w":74,"h":83},
	"sourceSize": {"w":240,"h":240}
},
"characters_anais_fall0008.png":
{
	"frame": {"x":1185,"y":270,"w":78,"h":66},
	"rotated": false,
	"trimmed": true,
	"spriteSourceSize": {"x":99,"y":149,"w":78,"h":66},
	"sourceSize": {"w":240,"h":240}
},
"characters_anais_fall0009.png":
{
	"frame": {"x":1942,"y":262,"w":75,"h":66},
	"rotated": false,
	"trimmed": true,
	"spriteSourceSize": {"x":104,"y":149,"w":75,"h":66},
	"sourceSize": {"w":240,"h":240}
},
"characters_anais_fall0010.png":
{
	"frame": {"x":1942,"y":262,"w":75,"h":66},
	"rotated": false,
	"trimmed": true,
	"spriteSourceSize": {"x":104,"y":149,"w":75,"h":66},
	"sourceSize": {"w":240,"h":240}
},
"characters_anais_fall0011.png":
{
	"frame": {"x":1876,"y":179,"w":80,"h":61},
	"rotated": false,
	"trimmed": true,
	"spriteSourceSize": {"x":108,"y":158,"w":80,"h":61},
	"sourceSize": {"w":240,"h":240}
},
"characters_anais_fall0012.png":
{
	"frame": {"x":1876,"y":179,"w":80,"h":61},
	"rotated": false,
	"trimmed": true,
	"spriteSourceSize": {"x":108,"y":158,"w":80,"h":61},
	"sourceSize": {"w":240,"h":240}
},
"characters_anais_fall0013.png":
{
	"frame": {"x":1898,"y":116,"w":82,"h":61},
	"rotated": false,
	"trimmed": true,
	"spriteSourceSize": {"x":109,"y":153,"w":82,"h":61},
	"sourceSize": {"w":240,"h":240}
},
"characters_anais_fall0014.png":
{
	"frame": {"x":1898,"y":116,"w":82,"h":61},
	"rotated": false,
	"trimmed": true,
	"spriteSourceSize": {"x":109,"y":153,"w":82,"h":61},
	"sourceSize": {"w":240,"h":240}
},
"characters_anais_fall0015.png":
{
	"frame": {"x":849,"y":284,"w":83,"h":56},
	"rotated": false,
	"trimmed": true,
	"spriteSourceSize": {"x":113,"y":161,"w":83,"h":56},
	"sourceSize": {"w":240,"h":240}
},
"characters_anais_fall0016.png":
{
	"frame": {"x":849,"y":284,"w":83,"h":56},
	"rotated": false,
	"trimmed": true,
	"spriteSourceSize": {"x":113,"y":161,"w":83,"h":56},
	"sourceSize": {"w":240,"h":240}
},
"characters_anais_fall0017.png":
{
	"frame": {"x":1923,"y":59,"w":84,"h":55},
	"rotated": false,
	"trimmed": true,
	"spriteSourceSize": {"x":118,"y":160,"w":84,"h":55},
	"sourceSize": {"w":240,"h":240}
},
"characters_anais_kick0001.png":
{
	"frame": {"x":1439,"y":2,"w":99,"h":84},
	"rotated": false,
	"trimmed": true,
	"spriteSourceSize": {"x":51,"y":132,"w":99,"h":84},
	"sourceSize": {"w":240,"h":240}
},
"characters_anais_kick0002.png":
{
	"frame": {"x":1292,"y":90,"w":99,"h":85},
	"rotated": false,
	"trimmed": true,
	"spriteSourceSize": {"x":51,"y":129,"w":99,"h":85},
	"sourceSize": {"w":240,"h":240}
},
"characters_anais_kick0003.png":
{
	"frame": {"x":849,"y":191,"w":99,"h":91},
	"rotated": false,
	"trimmed": true,
	"spriteSourceSize": {"x":51,"y":122,"w":99,"h":91},
	"sourceSize": {"w":240,"h":240}
},
"characters_anais_kick0004.png":
{
	"frame": {"x":849,"y":191,"w":99,"h":91},
	"rotated": false,
	"trimmed": true,
	"spriteSourceSize": {"x":51,"y":122,"w":99,"h":91},
	"sourceSize": {"w":240,"h":240}
},
"characters_anais_kick0005.png":
{
	"frame": {"x":587,"y":213,"w":94,"h":100},
	"rotated": false,
	"trimmed": true,
	"spriteSourceSize": {"x":51,"y":122,"w":94,"h":100},
	"sourceSize": {"w":240,"h":240}
},
"characters_anais_kick0006.png":
{
	"frame": {"x":665,"y":2,"w":97,"h":100},
	"rotated": false,
	"trimmed": true,
	"spriteSourceSize": {"x":51,"y":122,"w":97,"h":100},
	"sourceSize": {"w":240,"h":240}
},
"characters_anais_kick0007.png":
{
	"frame": {"x":692,"y":104,"w":93,"h":93},
	"rotated": false,
	"trimmed": true,
	"spriteSourceSize": {"x":57,"y":122,"w":93,"h":93},
	"sourceSize": {"w":240,"h":240}
},
"characters_anais_kick0008.png":
{
	"frame": {"x":692,"y":104,"w":93,"h":93},
	"rotated": false,
	"trimmed": true,
	"spriteSourceSize": {"x":57,"y":122,"w":93,"h":93},
	"sourceSize": {"w":240,"h":240}
},
"characters_anais_kick0009.png":
{
	"frame": {"x":787,"y":97,"w":93,"h":92},
	"rotated": false,
	"trimmed": true,
	"spriteSourceSize": {"x":57,"y":121,"w":93,"h":92},
	"sourceSize": {"w":240,"h":240}
},
"characters_anais_lose0001.png":
{
	"frame": {"x":895,"y":2,"w":86,"h":91},
	"rotated": false,
	"trimmed": true,
	"spriteSourceSize": {"x":57,"y":126,"w":86,"h":91},
	"sourceSize": {"w":240,"h":240}
},
"characters_anais_lose0002.png":
{
	"frame": {"x":895,"y":2,"w":86,"h":91},
	"rotated": false,
	"trimmed": true,
	"spriteSourceSize": {"x":57,"y":126,"w":86,"h":91},
	"sourceSize": {"w":240,"h":240}
},
"characters_anais_lose0003.png":
{
	"frame": {"x":1225,"y":2,"w":73,"h":86},
	"rotated": false,
	"trimmed": true,
	"spriteSourceSize": {"x":72,"y":131,"w":73,"h":86},
	"sourceSize": {"w":240,"h":240}
},
"characters_anais_lose0004.png":
{
	"frame": {"x":1225,"y":2,"w":73,"h":86},
	"rotated": false,
	"trimmed": true,
	"spriteSourceSize": {"x":72,"y":131,"w":73,"h":86},
	"sourceSize": {"w":240,"h":240}
},
"characters_anais_lose0005.png":
{
	"frame": {"x":983,"y":2,"w":73,"h":90},
	"rotated": false,
	"trimmed": true,
	"spriteSourceSize": {"x":79,"y":125,"w":73,"h":90},
	"sourceSize": {"w":240,"h":240}
},
"characters_anais_lose0006.png":
{
	"frame": {"x":983,"y":2,"w":73,"h":90},
	"rotated": false,
	"trimmed": true,
	"spriteSourceSize": {"x":79,"y":125,"w":73,"h":90},
	"sourceSize": {"w":240,"h":240}
},
"characters_anais_lose0007.png":
{
	"frame": {"x":1626,"y":260,"w":74,"h":83},
	"rotated": false,
	"trimmed": true,
	"spriteSourceSize": {"x":88,"y":132,"w":74,"h":83},
	"sourceSize": {"w":240,"h":240}
},
"characters_anais_lose0008.png":
{
	"frame": {"x":1104,"y":275,"w":79,"h":66},
	"rotated": false,
	"trimmed": true,
	"spriteSourceSize": {"x":92,"y":149,"w":79,"h":66},
	"sourceSize": {"w":240,"h":240}
},
"characters_anais_lose0009.png":
{
	"frame": {"x":1265,"y":266,"w":76,"h":66},
	"rotated": false,
	"trimmed": true,
	"spriteSourceSize": {"x":97,"y":149,"w":76,"h":66},
	"sourceSize": {"w":240,"h":240}
},
"characters_anais_lose0010.png":
{
	"frame": {"x":1265,"y":266,"w":76,"h":66},
	"rotated": false,
	"trimmed": true,
	"spriteSourceSize": {"x":97,"y":149,"w":76,"h":66},
	"sourceSize": {"w":240,"h":240}
},
"characters_anais_lose0011.png":
{
	"frame": {"x":1958,"y":199,"w":80,"h":61},
	"rotated": false,
	"trimmed": true,
	"spriteSourceSize": {"x":102,"y":158,"w":80,"h":61},
	"sourceSize": {"w":240,"h":240}
},
"characters_anais_lose0012.png":
{
	"frame": {"x":1958,"y":199,"w":80,"h":61},
	"rotated": false,
	"trimmed": true,
	"spriteSourceSize": {"x":102,"y":158,"w":80,"h":61},
	"sourceSize": {"w":240,"h":240}
},
"characters_anais_lose0013.png":
{
	"frame": {"x":1019,"y":281,"w":83,"h":61},
	"rotated": false,
	"trimmed": true,
	"spriteSourceSize": {"x":102,"y":153,"w":83,"h":61},
	"sourceSize": {"w":240,"h":240}
},
"characters_anais_lose0014.png":
{
	"frame": {"x":1019,"y":281,"w":83,"h":61},
	"rotated": false,
	"trimmed": true,
	"spriteSourceSize": {"x":102,"y":153,"w":83,"h":61},
	"sourceSize": {"w":240,"h":240}
},
"characters_anais_lose0015.png":
{
	"frame": {"x":934,"y":284,"w":83,"h":56},
	"rotated": false,
	"trimmed": true,
	"spriteSourceSize": {"x":106,"y":161,"w":83,"h":56},
	"sourceSize": {"w":240,"h":240}
},
"characters_anais_lose0016.png":
{
	"frame": {"x":934,"y":284,"w":83,"h":56},
	"rotated": false,
	"trimmed": true,
	"spriteSourceSize": {"x":106,"y":161,"w":83,"h":56},
	"sourceSize": {"w":240,"h":240}
},
"characters_anais_lose0017.png":
{
	"frame": {"x":1923,"y":2,"w":85,"h":55},
	"rotated": false,
	"trimmed": true,
	"spriteSourceSize": {"x":111,"y":160,"w":85,"h":55},
	"sourceSize": {"w":240,"h":240}
},
"characters_anais_run0001.png":
{
	"frame": {"x":1410,"y":175,"w":99,"h":84},
	"rotated": false,
	"trimmed": true,
	"spriteSourceSize": {"x":51,"y":132,"w":99,"h":84},
	"sourceSize": {"w":240,"h":240}
},
"characters_anais_run0002.png":
{
	"frame": {"x":1775,"y":171,"w":99,"h":81},
	"rotated": false,
	"trimmed": true,
	"spriteSourceSize": {"x":51,"y":135,"w":99,"h":81},
	"sourceSize": {"w":240,"h":240}
},
"characters_anais_run0003.png":
{
	"frame": {"x":1343,"y":263,"w":98,"h":80},
	"rotated": false,
	"trimmed": true,
	"spriteSourceSize": {"x":52,"y":136,"w":98,"h":80},
	"sourceSize": {"w":240,"h":240}
},
"characters_anais_run0004.png":
{
	"frame": {"x":1343,"y":263,"w":98,"h":80},
	"rotated": false,
	"trimmed": true,
	"spriteSourceSize": {"x":52,"y":136,"w":98,"h":80},
	"sourceSize": {"w":240,"h":240}
},
"characters_anais_run0005.png":
{
	"frame": {"x":1797,"y":85,"w":99,"h":81},
	"rotated": false,
	"trimmed": true,
	"spriteSourceSize": {"x":51,"y":135,"w":99,"h":81},
	"sourceSize": {"w":240,"h":240}
},
"characters_anais_run0006.png":
{
	"frame": {"x":1410,"y":175,"w":99,"h":84},
	"rotated": false,
	"trimmed": true,
	"spriteSourceSize": {"x":51,"y":132,"w":99,"h":84},
	"sourceSize": {"w":240,"h":240}
},
"characters_anais_run0007.png":
{
	"frame": {"x":1128,"y":182,"w":99,"h":86},
	"rotated": false,
	"trimmed": true,
	"spriteSourceSize": {"x":51,"y":129,"w":99,"h":86},
	"sourceSize": {"w":240,"h":240}
},
"characters_anais_run0008.png":
{
	"frame": {"x":1128,"y":182,"w":99,"h":86},
	"rotated": false,
	"trimmed": true,
	"spriteSourceSize": {"x":51,"y":129,"w":99,"h":86},
	"sourceSize": {"w":240,"h":240}
},
"characters_anais_run0009.png":
{
	"frame": {"x":1128,"y":182,"w":99,"h":86},
	"rotated": false,
	"trimmed": true,
	"spriteSourceSize": {"x":51,"y":129,"w":99,"h":86},
	"sourceSize": {"w":240,"h":240}
},
"characters_anais_run0010.png":
{
	"frame": {"x":1410,"y":175,"w":99,"h":84},
	"rotated": false,
	"trimmed": true,
	"spriteSourceSize": {"x":51,"y":132,"w":99,"h":84},
	"sourceSize": {"w":240,"h":240}
},
"characters_anais_run0011.png":
{
	"frame": {"x":1775,"y":171,"w":99,"h":81},
	"rotated": false,
	"trimmed": true,
	"spriteSourceSize": {"x":51,"y":135,"w":99,"h":81},
	"sourceSize": {"w":240,"h":240}
},
"characters_anais_run0012.png":
{
	"frame": {"x":1343,"y":263,"w":98,"h":80},
	"rotated": false,
	"trimmed": true,
	"spriteSourceSize": {"x":52,"y":136,"w":98,"h":80},
	"sourceSize": {"w":240,"h":240}
},
"characters_anais_run0013.png":
{
	"frame": {"x":1343,"y":263,"w":98,"h":80},
	"rotated": false,
	"trimmed": true,
	"spriteSourceSize": {"x":52,"y":136,"w":98,"h":80},
	"sourceSize": {"w":240,"h":240}
},
"characters_anais_run0014.png":
{
	"frame": {"x":1797,"y":85,"w":99,"h":81},
	"rotated": false,
	"trimmed": true,
	"spriteSourceSize": {"x":51,"y":135,"w":99,"h":81},
	"sourceSize": {"w":240,"h":240}
},
"characters_anais_run0015.png":
{
	"frame": {"x":1410,"y":175,"w":99,"h":84},
	"rotated": false,
	"trimmed": true,
	"spriteSourceSize": {"x":51,"y":132,"w":99,"h":84},
	"sourceSize": {"w":240,"h":240}
},
"characters_anais_run0016.png":
{
	"frame": {"x":1128,"y":182,"w":99,"h":86},
	"rotated": false,
	"trimmed": true,
	"spriteSourceSize": {"x":51,"y":129,"w":99,"h":86},
	"sourceSize": {"w":240,"h":240}
},
"characters_anais_stand0001.png":
{
	"frame": {"x":2,"y":2,"w":91,"h":114},
	"rotated": false,
	"trimmed": true,
	"spriteSourceSize": {"x":49,"y":104,"w":91,"h":114},
	"sourceSize": {"w":240,"h":240}
},
"characters_anais_stand0002.png":
{
	"frame": {"x":2,"y":2,"w":91,"h":114},
	"rotated": false,
	"trimmed": true,
	"spriteSourceSize": {"x":49,"y":104,"w":91,"h":114},
	"sourceSize": {"w":240,"h":240}
},
"characters_anais_stand0003.png":
{
	"frame": {"x":190,"y":117,"w":91,"h":112},
	"rotated": false,
	"trimmed": true,
	"spriteSourceSize": {"x":49,"y":106,"w":91,"h":112},
	"sourceSize": {"w":240,"h":240}
},
"characters_anais_tackle0001.png":
{
	"frame": {"x":1494,"y":88,"w":99,"h":84},
	"rotated": false,
	"trimmed": true,
	"spriteSourceSize": {"x":53,"y":131,"w":99,"h":84},
	"sourceSize": {"w":240,"h":240}
},
"characters_anais_tackle0002.png":
{
	"frame": {"x":1115,"y":93,"w":99,"h":87},
	"rotated": false,
	"trimmed": true,
	"spriteSourceSize": {"x":53,"y":128,"w":99,"h":87},
	"sourceSize": {"w":240,"h":240}
},
"characters_anais_tackle0003.png":
{
	"frame": {"x":748,"y":199,"w":99,"h":92},
	"rotated": false,
	"trimmed": true,
	"spriteSourceSize": {"x":53,"y":122,"w":99,"h":92},
	"sourceSize": {"w":240,"h":240}
},
"characters_anais_tackle0004.png":
{
	"frame": {"x":748,"y":199,"w":99,"h":92},
	"rotated": false,
	"trimmed": true,
	"spriteSourceSize": {"x":53,"y":122,"w":99,"h":92},
	"sourceSize": {"w":240,"h":240}
},
"characters_anais_tackle0005.png":
{
	"frame": {"x":283,"y":115,"w":91,"h":108},
	"rotated": false,
	"trimmed": true,
	"spriteSourceSize": {"x":52,"y":108,"w":91,"h":108},
	"sourceSize": {"w":240,"h":240}
},
"characters_anais_tackle0006.png":
{
	"frame": {"x":372,"y":2,"w":93,"h":107},
	"rotated": false,
	"trimmed": true,
	"spriteSourceSize": {"x":52,"y":109,"w":93,"h":107},
	"sourceSize": {"w":240,"h":240}
},
"characters_anais_tackle0007.png":
{
	"frame": {"x":302,"y":225,"w":93,"h":107},
	"rotated": false,
	"trimmed": true,
	"spriteSourceSize": {"x":52,"y":109,"w":93,"h":107},
	"sourceSize": {"w":240,"h":240}
},
"characters_anais_tackle0008.png":
{
	"frame": {"x":397,"y":219,"w":99,"h":104},
	"rotated": false,
	"trimmed": true,
	"spriteSourceSize": {"x":56,"y":112,"w":99,"h":104},
	"sourceSize": {"w":240,"h":240}
},
"characters_anais_tackle0009.png":
{
	"frame": {"x":465,"y":111,"w":94,"h":104},
	"rotated": false,
	"trimmed": true,
	"spriteSourceSize": {"x":61,"y":112,"w":94,"h":104},
	"sourceSize": {"w":240,"h":240}
},
"characters_anais_tackle0010.png":
{
	"frame": {"x":467,"y":2,"w":94,"h":104},
	"rotated": false,
	"trimmed": true,
	"spriteSourceSize": {"x":63,"y":112,"w":94,"h":104},
	"sourceSize": {"w":240,"h":240}
}},
"meta": {
	"app": "http://www.codeandweb.com/texturepacker",
	"version": "1.0",
	"image": "anais_red.png",
	"format": "RGBA8888",
	"size": {"w":2048,"h":345},
	"scale": "1",
	"smartupdate": "$TexturePacker:SmartUpdate:4647acd4b9a897c4fe691d609af61976:d03098d80fe74555f4a517c00e0cd473:e8cf3e06fe1d2ecdd2838b981936dee4$"
}
}
