{"frames": {

"character-bmo-bicycle-kick0001.png":
{
	"frame": {"x":224,"y":186,"w":85,"h":108},
	"rotated": false,
	"trimmed": true,
	"spriteSourceSize": {"x":73,"y":117,"w":85,"h":108},
	"sourceSize": {"w":240,"h":240}
},
"character-bmo-bicycle-kick0002.png":
{
	"frame": {"x":224,"y":186,"w":85,"h":108},
	"rotated": false,
	"trimmed": true,
	"spriteSourceSize": {"x":73,"y":117,"w":85,"h":108},
	"sourceSize": {"w":240,"h":240}
},
"character-bmo-bicycle-kick0003.png":
{
	"frame": {"x":224,"y":186,"w":85,"h":108},
	"rotated": false,
	"trimmed": true,
	"spriteSourceSize": {"x":73,"y":117,"w":85,"h":108},
	"sourceSize": {"w":240,"h":240}
},
"character-bmo-bicycle-kick0004.png":
{
	"frame": {"x":218,"y":2,"w":90,"h":182},
	"rotated": false,
	"trimmed": true,
	"spriteSourceSize": {"x":70,"y":41,"w":90,"h":182},
	"sourceSize": {"w":240,"h":240}
},
"character-bmo-bicycle-kick0005.png":
{
	"frame": {"x":218,"y":2,"w":90,"h":182},
	"rotated": false,
	"trimmed": true,
	"spriteSourceSize": {"x":70,"y":41,"w":90,"h":182},
	"sourceSize": {"w":240,"h":240}
},
"character-bmo-bicycle-kick0006.png":
{
	"frame": {"x":125,"y":2,"w":91,"h":201},
	"rotated": false,
	"trimmed": true,
	"spriteSourceSize": {"x":63,"y":21,"w":91,"h":201},
	"sourceSize": {"w":240,"h":240}
},
"character-bmo-bicycle-kick0007.png":
{
	"frame": {"x":125,"y":2,"w":91,"h":201},
	"rotated": false,
	"trimmed": true,
	"spriteSourceSize": {"x":63,"y":21,"w":91,"h":201},
	"sourceSize": {"w":240,"h":240}
},
"character-bmo-bicycle-kick0008.png":
{
	"frame": {"x":125,"y":2,"w":91,"h":201},
	"rotated": false,
	"trimmed": true,
	"spriteSourceSize": {"x":63,"y":21,"w":91,"h":201},
	"sourceSize": {"w":240,"h":240}
},
"character-bmo-bicycle-kick0009.png":
{
	"frame": {"x":2,"y":2,"w":121,"h":197},
	"rotated": false,
	"trimmed": true,
	"spriteSourceSize": {"x":68,"y":25,"w":121,"h":197},
	"sourceSize": {"w":240,"h":240}
},
"character-bmo-bicycle-kick0010.png":
{
	"frame": {"x":2,"y":2,"w":121,"h":197},
	"rotated": false,
	"trimmed": true,
	"spriteSourceSize": {"x":68,"y":25,"w":121,"h":197},
	"sourceSize": {"w":240,"h":240}
},
"character-bmo-bicycle-kick0011.png":
{
	"frame": {"x":2,"y":201,"w":106,"h":201},
	"rotated": false,
	"trimmed": true,
	"spriteSourceSize": {"x":67,"y":21,"w":106,"h":201},
	"sourceSize": {"w":240,"h":240}
},
"character-bmo-bicycle-kick0012.png":
{
	"frame": {"x":2,"y":201,"w":106,"h":201},
	"rotated": false,
	"trimmed": true,
	"spriteSourceSize": {"x":67,"y":21,"w":106,"h":201},
	"sourceSize": {"w":240,"h":240}
},
"character-bmo-bicycle-kick0013.png":
{
	"frame": {"x":689,"y":2,"w":95,"h":137},
	"rotated": false,
	"trimmed": true,
	"spriteSourceSize": {"x":67,"y":85,"w":95,"h":137},
	"sourceSize": {"w":240,"h":240}
},
"character-bmo-bicycle-kick0014.png":
{
	"frame": {"x":689,"y":2,"w":95,"h":137},
	"rotated": false,
	"trimmed": true,
	"spriteSourceSize": {"x":67,"y":85,"w":95,"h":137},
	"sourceSize": {"w":240,"h":240}
},
"character-bmo-bicycle-kick0015.png":
{
	"frame": {"x":2,"y":404,"w":96,"h":100},
	"rotated": false,
	"trimmed": true,
	"spriteSourceSize": {"x":67,"y":122,"w":96,"h":100},
	"sourceSize": {"w":240,"h":240}
},
"character-bmo-bicycle-kick0016.png":
{
	"frame": {"x":2,"y":404,"w":96,"h":100},
	"rotated": false,
	"trimmed": true,
	"spriteSourceSize": {"x":67,"y":122,"w":96,"h":100},
	"sourceSize": {"w":240,"h":240}
},
"character-bmo-bicycle-kick0017.png":
{
	"frame": {"x":678,"y":141,"w":95,"h":86},
	"rotated": false,
	"trimmed": true,
	"spriteSourceSize": {"x":74,"y":136,"w":95,"h":86},
	"sourceSize": {"w":240,"h":240}
},
"character-bmo-bicycle-kick0018.png":
{
	"frame": {"x":678,"y":141,"w":95,"h":86},
	"rotated": false,
	"trimmed": true,
	"spriteSourceSize": {"x":74,"y":136,"w":95,"h":86},
	"sourceSize": {"w":240,"h":240}
},
"character-bmo-bicycle-kick0019.png":
{
	"frame": {"x":486,"y":139,"w":95,"h":89},
	"rotated": false,
	"trimmed": true,
	"spriteSourceSize": {"x":74,"y":131,"w":95,"h":89},
	"sourceSize": {"w":240,"h":240}
},
"character-bmo-bicycle-kick0020.png":
{
	"frame": {"x":486,"y":139,"w":95,"h":89},
	"rotated": false,
	"trimmed": true,
	"spriteSourceSize": {"x":74,"y":131,"w":95,"h":89},
	"sourceSize": {"w":240,"h":240}
},
"character-bmo-bicycle-kick0021.png":
{
	"frame": {"x":775,"y":186,"w":95,"h":86},
	"rotated": false,
	"trimmed": true,
	"spriteSourceSize": {"x":74,"y":136,"w":95,"h":86},
	"sourceSize": {"w":240,"h":240}
},
"character-bmo-bicycle-kick0022.png":
{
	"frame": {"x":775,"y":186,"w":95,"h":86},
	"rotated": false,
	"trimmed": true,
	"spriteSourceSize": {"x":74,"y":136,"w":95,"h":86},
	"sourceSize": {"w":240,"h":240}
},
"character-bmo-celebrate0001.png":
{
	"frame": {"x":1061,"y":278,"w":68,"h":79},
	"rotated": false,
	"trimmed": true,
	"spriteSourceSize": {"x":66,"y":143,"w":68,"h":79},
	"sourceSize": {"w":240,"h":240}
},
"character-bmo-celebrate0002.png":
{
	"frame": {"x":1061,"y":278,"w":68,"h":79},
	"rotated": false,
	"trimmed": true,
	"spriteSourceSize": {"x":66,"y":143,"w":68,"h":79},
	"sourceSize": {"w":240,"h":240}
},
"character-bmo-celebrate0003.png":
{
	"frame": {"x":987,"y":282,"w":72,"h":79},
	"rotated": false,
	"trimmed": true,
	"spriteSourceSize": {"x":64,"y":143,"w":72,"h":79},
	"sourceSize": {"w":240,"h":240}
},
"character-bmo-celebrate0004.png":
{
	"frame": {"x":987,"y":282,"w":72,"h":79},
	"rotated": false,
	"trimmed": true,
	"spriteSourceSize": {"x":64,"y":143,"w":72,"h":79},
	"sourceSize": {"w":240,"h":240}
},
"character-bmo-celebrate0005.png":
{
	"frame": {"x":311,"y":253,"w":79,"h":79},
	"rotated": false,
	"trimmed": true,
	"spriteSourceSize": {"x":61,"y":143,"w":79,"h":79},
	"sourceSize": {"w":240,"h":240}
},
"character-bmo-celebrate0006.png":
{
	"frame": {"x":311,"y":253,"w":79,"h":79},
	"rotated": false,
	"trimmed": true,
	"spriteSourceSize": {"x":61,"y":143,"w":79,"h":79},
	"sourceSize": {"w":240,"h":240}
},
"character-bmo-celebrate0007.png":
{
	"frame": {"x":311,"y":253,"w":79,"h":79},
	"rotated": false,
	"trimmed": true,
	"spriteSourceSize": {"x":61,"y":143,"w":79,"h":79},
	"sourceSize": {"w":240,"h":240}
},
"character-bmo-celebrate0008.png":
{
	"frame": {"x":311,"y":139,"w":76,"h":112},
	"rotated": false,
	"trimmed": true,
	"spriteSourceSize": {"x":65,"y":110,"w":76,"h":112},
	"sourceSize": {"w":240,"h":240}
},
"character-bmo-celebrate0009.png":
{
	"frame": {"x":311,"y":139,"w":76,"h":112},
	"rotated": false,
	"trimmed": true,
	"spriteSourceSize": {"x":65,"y":110,"w":76,"h":112},
	"sourceSize": {"w":240,"h":240}
},
"character-bmo-celebrate0010.png":
{
	"frame": {"x":1224,"y":188,"w":76,"h":95},
	"rotated": false,
	"trimmed": true,
	"spriteSourceSize": {"x":65,"y":127,"w":76,"h":95},
	"sourceSize": {"w":240,"h":240}
},
"character-bmo-celebrate0011.png":
{
	"frame": {"x":1224,"y":188,"w":76,"h":95},
	"rotated": false,
	"trimmed": true,
	"spriteSourceSize": {"x":65,"y":127,"w":76,"h":95},
	"sourceSize": {"w":240,"h":240}
},
"character-bmo-celebrate0012.png":
{
	"frame": {"x":1224,"y":188,"w":76,"h":95},
	"rotated": false,
	"trimmed": true,
	"spriteSourceSize": {"x":65,"y":127,"w":76,"h":95},
	"sourceSize": {"w":240,"h":240}
},
"character-bmo-celebrate0013.png":
{
	"frame": {"x":1224,"y":188,"w":76,"h":95},
	"rotated": false,
	"trimmed": true,
	"spriteSourceSize": {"x":65,"y":127,"w":76,"h":95},
	"sourceSize": {"w":240,"h":240}
},
"character-bmo-celebrate0014.png":
{
	"frame": {"x":908,"y":282,"w":77,"h":79},
	"rotated": false,
	"trimmed": true,
	"spriteSourceSize": {"x":63,"y":143,"w":77,"h":79},
	"sourceSize": {"w":240,"h":240}
},
"character-bmo-celebrate0015.png":
{
	"frame": {"x":908,"y":282,"w":77,"h":79},
	"rotated": false,
	"trimmed": true,
	"spriteSourceSize": {"x":63,"y":143,"w":77,"h":79},
	"sourceSize": {"w":240,"h":240}
},
"character-bmo-celebrate0016.png":
{
	"frame": {"x":435,"y":422,"w":76,"h":80},
	"rotated": false,
	"trimmed": true,
	"spriteSourceSize": {"x":64,"y":142,"w":76,"h":80},
	"sourceSize": {"w":240,"h":240}
},
"character-bmo-celebrate0017.png":
{
	"frame": {"x":435,"y":422,"w":76,"h":80},
	"rotated": false,
	"trimmed": true,
	"spriteSourceSize": {"x":64,"y":142,"w":76,"h":80},
	"sourceSize": {"w":240,"h":240}
},
"character-bmo-celebrate0018.png":
{
	"frame": {"x":435,"y":422,"w":76,"h":80},
	"rotated": false,
	"trimmed": true,
	"spriteSourceSize": {"x":64,"y":142,"w":76,"h":80},
	"sourceSize": {"w":240,"h":240}
},
"character-bmo-celebrate0019.png":
{
	"frame": {"x":969,"y":363,"w":75,"h":81},
	"rotated": false,
	"trimmed": true,
	"spriteSourceSize": {"x":65,"y":141,"w":75,"h":81},
	"sourceSize": {"w":240,"h":240}
},
"character-bmo-celebrate0020.png":
{
	"frame": {"x":969,"y":363,"w":75,"h":81},
	"rotated": false,
	"trimmed": true,
	"spriteSourceSize": {"x":65,"y":141,"w":75,"h":81},
	"sourceSize": {"w":240,"h":240}
},
"character-bmo-celebrate0021.png":
{
	"frame": {"x":969,"y":363,"w":75,"h":81},
	"rotated": false,
	"trimmed": true,
	"spriteSourceSize": {"x":65,"y":141,"w":75,"h":81},
	"sourceSize": {"w":240,"h":240}
},
"character-bmo-celebrate0022.png":
{
	"frame": {"x":100,"y":422,"w":74,"h":82},
	"rotated": false,
	"trimmed": true,
	"spriteSourceSize": {"x":66,"y":140,"w":74,"h":82},
	"sourceSize": {"w":240,"h":240}
},
"character-bmo-celebrate0023.png":
{
	"frame": {"x":100,"y":422,"w":74,"h":82},
	"rotated": false,
	"trimmed": true,
	"spriteSourceSize": {"x":66,"y":140,"w":74,"h":82},
	"sourceSize": {"w":240,"h":240}
},
"character-bmo-celebrate0024.png":
{
	"frame": {"x":100,"y":422,"w":74,"h":82},
	"rotated": false,
	"trimmed": true,
	"spriteSourceSize": {"x":66,"y":140,"w":74,"h":82},
	"sourceSize": {"w":240,"h":240}
},
"character-bmo-celebrate0025.png":
{
	"frame": {"x":100,"y":422,"w":74,"h":82},
	"rotated": false,
	"trimmed": true,
	"spriteSourceSize": {"x":66,"y":140,"w":74,"h":82},
	"sourceSize": {"w":240,"h":240}
},
"character-bmo-celebrate0026.png":
{
	"frame": {"x":100,"y":422,"w":74,"h":82},
	"rotated": false,
	"trimmed": true,
	"spriteSourceSize": {"x":66,"y":140,"w":74,"h":82},
	"sourceSize": {"w":240,"h":240}
},
"character-bmo-celebrate0027.png":
{
	"frame": {"x":969,"y":363,"w":75,"h":81},
	"rotated": false,
	"trimmed": true,
	"spriteSourceSize": {"x":65,"y":141,"w":75,"h":81},
	"sourceSize": {"w":240,"h":240}
},
"character-bmo-celebrate0028.png":
{
	"frame": {"x":969,"y":363,"w":75,"h":81},
	"rotated": false,
	"trimmed": true,
	"spriteSourceSize": {"x":65,"y":141,"w":75,"h":81},
	"sourceSize": {"w":240,"h":240}
},
"character-bmo-celebrate0029.png":
{
	"frame": {"x":1210,"y":285,"w":76,"h":80},
	"rotated": false,
	"trimmed": true,
	"spriteSourceSize": {"x":64,"y":142,"w":76,"h":80},
	"sourceSize": {"w":240,"h":240}
},
"character-bmo-celebrate0030.png":
{
	"frame": {"x":1210,"y":285,"w":76,"h":80},
	"rotated": false,
	"trimmed": true,
	"spriteSourceSize": {"x":64,"y":142,"w":76,"h":80},
	"sourceSize": {"w":240,"h":240}
},
"character-bmo-celebrate0031.png":
{
	"frame": {"x":1131,"y":284,"w":77,"h":79},
	"rotated": false,
	"trimmed": true,
	"spriteSourceSize": {"x":63,"y":143,"w":77,"h":79},
	"sourceSize": {"w":240,"h":240}
},
"character-bmo-celebrate0032.png":
{
	"frame": {"x":1131,"y":284,"w":77,"h":79},
	"rotated": false,
	"trimmed": true,
	"spriteSourceSize": {"x":63,"y":143,"w":77,"h":79},
	"sourceSize": {"w":240,"h":240}
},
"character-bmo-celebrate0033.png":
{
	"frame": {"x":1131,"y":284,"w":77,"h":79},
	"rotated": false,
	"trimmed": true,
	"spriteSourceSize": {"x":63,"y":143,"w":77,"h":79},
	"sourceSize": {"w":240,"h":240}
},
"character-bmo-celebrate0034.png":
{
	"frame": {"x":1131,"y":284,"w":77,"h":79},
	"rotated": false,
	"trimmed": true,
	"spriteSourceSize": {"x":63,"y":143,"w":77,"h":79},
	"sourceSize": {"w":240,"h":240}
},
"character-bmo-celebrate0035.png":
{
	"frame": {"x":1210,"y":285,"w":76,"h":80},
	"rotated": false,
	"trimmed": true,
	"spriteSourceSize": {"x":64,"y":142,"w":76,"h":80},
	"sourceSize": {"w":240,"h":240}
},
"character-bmo-celebrate0036.png":
{
	"frame": {"x":1210,"y":285,"w":76,"h":80},
	"rotated": false,
	"trimmed": true,
	"spriteSourceSize": {"x":64,"y":142,"w":76,"h":80},
	"sourceSize": {"w":240,"h":240}
},
"character-bmo-celebrate0037.png":
{
	"frame": {"x":1210,"y":285,"w":76,"h":80},
	"rotated": false,
	"trimmed": true,
	"spriteSourceSize": {"x":64,"y":142,"w":76,"h":80},
	"sourceSize": {"w":240,"h":240}
},
"character-bmo-celebrate0038.png":
{
	"frame": {"x":969,"y":363,"w":75,"h":81},
	"rotated": false,
	"trimmed": true,
	"spriteSourceSize": {"x":65,"y":141,"w":75,"h":81},
	"sourceSize": {"w":240,"h":240}
},
"character-bmo-celebrate0039.png":
{
	"frame": {"x":969,"y":363,"w":75,"h":81},
	"rotated": false,
	"trimmed": true,
	"spriteSourceSize": {"x":65,"y":141,"w":75,"h":81},
	"sourceSize": {"w":240,"h":240}
},
"character-bmo-celebrate0040.png":
{
	"frame": {"x":969,"y":363,"w":75,"h":81},
	"rotated": false,
	"trimmed": true,
	"spriteSourceSize": {"x":65,"y":141,"w":75,"h":81},
	"sourceSize": {"w":240,"h":240}
},
"character-bmo-dash0001.png":
{
	"frame": {"x":786,"y":2,"w":132,"h":90},
	"rotated": false,
	"trimmed": true,
	"spriteSourceSize": {"x":18,"y":132,"w":132,"h":90},
	"sourceSize": {"w":240,"h":240}
},
"character-bmo-dash0002.png":
{
	"frame": {"x":1054,"y":2,"w":124,"h":90},
	"rotated": false,
	"trimmed": true,
	"spriteSourceSize": {"x":18,"y":132,"w":124,"h":90},
	"sourceSize": {"w":240,"h":240}
},
"character-bmo-dash0003.png":
{
	"frame": {"x":110,"y":308,"w":112,"h":90},
	"rotated": false,
	"trimmed": true,
	"spriteSourceSize": {"x":24,"y":132,"w":112,"h":90},
	"sourceSize": {"w":240,"h":240}
},
"character-bmo-dash0004.png":
{
	"frame": {"x":786,"y":94,"w":114,"h":90},
	"rotated": false,
	"trimmed": true,
	"spriteSourceSize": {"x":24,"y":132,"w":114,"h":90},
	"sourceSize": {"w":240,"h":240}
},
"character-bmo-dash0005.png":
{
	"frame": {"x":1233,"y":94,"w":95,"h":90},
	"rotated": false,
	"trimmed": true,
	"spriteSourceSize": {"x":44,"y":132,"w":95,"h":90},
	"sourceSize": {"w":240,"h":240}
},
"character-bmo-dash0006.png":
{
	"frame": {"x":583,"y":139,"w":93,"h":90},
	"rotated": false,
	"trimmed": true,
	"spriteSourceSize": {"x":44,"y":132,"w":93,"h":90},
	"sourceSize": {"w":240,"h":240}
},
"character-bmo-dash0007.png":
{
	"frame": {"x":1060,"y":186,"w":69,"h":90},
	"rotated": false,
	"trimmed": true,
	"spriteSourceSize": {"x":68,"y":132,"w":69,"h":90},
	"sourceSize": {"w":240,"h":240}
},
"character-bmo-dash0008.png":
{
	"frame": {"x":656,"y":326,"w":78,"h":90},
	"rotated": false,
	"trimmed": true,
	"spriteSourceSize": {"x":68,"y":132,"w":78,"h":90},
	"sourceSize": {"w":240,"h":240}
},
"character-bmo-dash0009.png":
{
	"frame": {"x":920,"y":2,"w":132,"h":90},
	"rotated": false,
	"trimmed": true,
	"spriteSourceSize": {"x":18,"y":132,"w":132,"h":90},
	"sourceSize": {"w":240,"h":240}
},
"character-bmo-dash0010.png":
{
	"frame": {"x":1180,"y":2,"w":124,"h":90},
	"rotated": false,
	"trimmed": true,
	"spriteSourceSize": {"x":18,"y":132,"w":124,"h":90},
	"sourceSize": {"w":240,"h":240}
},
"character-bmo-dash0011.png":
{
	"frame": {"x":1018,"y":94,"w":112,"h":90},
	"rotated": false,
	"trimmed": true,
	"spriteSourceSize": {"x":24,"y":132,"w":112,"h":90},
	"sourceSize": {"w":240,"h":240}
},
"character-bmo-dash0012.png":
{
	"frame": {"x":902,"y":94,"w":114,"h":90},
	"rotated": false,
	"trimmed": true,
	"spriteSourceSize": {"x":24,"y":132,"w":114,"h":90},
	"sourceSize": {"w":240,"h":240}
},
"character-bmo-dash0013.png":
{
	"frame": {"x":389,"y":139,"w":95,"h":90},
	"rotated": false,
	"trimmed": true,
	"spriteSourceSize": {"x":44,"y":132,"w":95,"h":90},
	"sourceSize": {"w":240,"h":240}
},
"character-bmo-dash0014.png":
{
	"frame": {"x":872,"y":186,"w":93,"h":90},
	"rotated": false,
	"trimmed": true,
	"spriteSourceSize": {"x":44,"y":132,"w":93,"h":90},
	"sourceSize": {"w":240,"h":240}
},
"character-bmo-dash0015.png":
{
	"frame": {"x":661,"y":231,"w":69,"h":90},
	"rotated": false,
	"trimmed": true,
	"spriteSourceSize": {"x":68,"y":132,"w":69,"h":90},
	"sourceSize": {"w":240,"h":240}
},
"character-bmo-dash0016.png":
{
	"frame": {"x":828,"y":278,"w":78,"h":90},
	"rotated": false,
	"trimmed": true,
	"spriteSourceSize": {"x":68,"y":132,"w":78,"h":90},
	"sourceSize": {"w":240,"h":240}
},
"character-bmo-fall0001.png":
{
	"frame": {"x":1306,"y":2,"w":83,"h":90},
	"rotated": false,
	"trimmed": true,
	"spriteSourceSize": {"x":69,"y":132,"w":83,"h":90},
	"sourceSize": {"w":240,"h":240}
},
"character-bmo-fall0002.png":
{
	"frame": {"x":1306,"y":2,"w":83,"h":90},
	"rotated": false,
	"trimmed": true,
	"spriteSourceSize": {"x":69,"y":132,"w":83,"h":90},
	"sourceSize": {"w":240,"h":240}
},
"character-bmo-fall0003.png":
{
	"frame": {"x":224,"y":296,"w":83,"h":98},
	"rotated": false,
	"trimmed": true,
	"spriteSourceSize": {"x":69,"y":124,"w":83,"h":98},
	"sourceSize": {"w":240,"h":240}
},
"character-bmo-fall0004.png":
{
	"frame": {"x":224,"y":296,"w":83,"h":98},
	"rotated": false,
	"trimmed": true,
	"spriteSourceSize": {"x":69,"y":124,"w":83,"h":98},
	"sourceSize": {"w":240,"h":240}
},
"character-bmo-fall0005.png":
{
	"frame": {"x":309,"y":334,"w":90,"h":85},
	"rotated": false,
	"trimmed": true,
	"spriteSourceSize": {"x":62,"y":137,"w":90,"h":85},
	"sourceSize": {"w":240,"h":240}
},
"character-bmo-fall0006.png":
{
	"frame": {"x":309,"y":334,"w":90,"h":85},
	"rotated": false,
	"trimmed": true,
	"spriteSourceSize": {"x":62,"y":137,"w":90,"h":85},
	"sourceSize": {"w":240,"h":240}
},
"character-bmo-fall0007.png":
{
	"frame": {"x":571,"y":418,"w":81,"h":86},
	"rotated": false,
	"trimmed": true,
	"spriteSourceSize": {"x":69,"y":136,"w":81,"h":86},
	"sourceSize": {"w":240,"h":240}
},
"character-bmo-fall0008.png":
{
	"frame": {"x":571,"y":418,"w":81,"h":86},
	"rotated": false,
	"trimmed": true,
	"spriteSourceSize": {"x":69,"y":136,"w":81,"h":86},
	"sourceSize": {"w":240,"h":240}
},
"character-bmo-fall0009.png":
{
	"frame": {"x":261,"y":421,"w":85,"h":80},
	"rotated": false,
	"trimmed": true,
	"spriteSourceSize": {"x":67,"y":142,"w":85,"h":80},
	"sourceSize": {"w":240,"h":240}
},
"character-bmo-kick0001.png":
{
	"frame": {"x":401,"y":326,"w":80,"h":94},
	"rotated": false,
	"trimmed": true,
	"spriteSourceSize": {"x":67,"y":128,"w":80,"h":94},
	"sourceSize": {"w":240,"h":240}
},
"character-bmo-kick0002.png":
{
	"frame": {"x":483,"y":231,"w":85,"h":96},
	"rotated": false,
	"trimmed": true,
	"spriteSourceSize": {"x":64,"y":126,"w":85,"h":96},
	"sourceSize": {"w":240,"h":240}
},
"character-bmo-kick0003.png":
{
	"frame": {"x":483,"y":231,"w":85,"h":96},
	"rotated": false,
	"trimmed": true,
	"spriteSourceSize": {"x":64,"y":126,"w":85,"h":96},
	"sourceSize": {"w":240,"h":240}
},
"character-bmo-kick0004.png":
{
	"frame": {"x":483,"y":231,"w":85,"h":96},
	"rotated": false,
	"trimmed": true,
	"spriteSourceSize": {"x":64,"y":126,"w":85,"h":96},
	"sourceSize": {"w":240,"h":240}
},
"character-bmo-kick0005.png":
{
	"frame": {"x":392,"y":231,"w":89,"h":93},
	"rotated": false,
	"trimmed": true,
	"spriteSourceSize": {"x":69,"y":129,"w":89,"h":93},
	"sourceSize": {"w":240,"h":240}
},
"character-bmo-kick0006.png":
{
	"frame": {"x":392,"y":231,"w":89,"h":93},
	"rotated": false,
	"trimmed": true,
	"spriteSourceSize": {"x":69,"y":129,"w":89,"h":93},
	"sourceSize": {"w":240,"h":240}
},
"character-bmo-kick0007.png":
{
	"frame": {"x":570,"y":231,"w":89,"h":93},
	"rotated": false,
	"trimmed": true,
	"spriteSourceSize": {"x":69,"y":129,"w":89,"h":93},
	"sourceSize": {"w":240,"h":240}
},
"character-bmo-kick0008.png":
{
	"frame": {"x":967,"y":186,"w":91,"h":94},
	"rotated": false,
	"trimmed": true,
	"spriteSourceSize": {"x":69,"y":128,"w":91,"h":94},
	"sourceSize": {"w":240,"h":240}
},
"character-bmo-kick0009.png":
{
	"frame": {"x":1131,"y":188,"w":91,"h":94},
	"rotated": false,
	"trimmed": true,
	"spriteSourceSize": {"x":69,"y":128,"w":91,"h":94},
	"sourceSize": {"w":240,"h":240}
},
"character-bmo-kick0010.png":
{
	"frame": {"x":1131,"y":188,"w":91,"h":94},
	"rotated": false,
	"trimmed": true,
	"spriteSourceSize": {"x":69,"y":128,"w":91,"h":94},
	"sourceSize": {"w":240,"h":240}
},
"character-bmo-lose0001.png":
{
	"frame": {"x":571,"y":326,"w":83,"h":90},
	"rotated": false,
	"trimmed": true,
	"spriteSourceSize": {"x":69,"y":132,"w":83,"h":90},
	"sourceSize": {"w":240,"h":240}
},
"character-bmo-lose0002.png":
{
	"frame": {"x":571,"y":326,"w":83,"h":90},
	"rotated": false,
	"trimmed": true,
	"spriteSourceSize": {"x":69,"y":132,"w":83,"h":90},
	"sourceSize": {"w":240,"h":240}
},
"character-bmo-lose0003.png":
{
	"frame": {"x":176,"y":400,"w":83,"h":98},
	"rotated": false,
	"trimmed": true,
	"spriteSourceSize": {"x":69,"y":124,"w":83,"h":98},
	"sourceSize": {"w":240,"h":240}
},
"character-bmo-lose0004.png":
{
	"frame": {"x":176,"y":400,"w":83,"h":98},
	"rotated": false,
	"trimmed": true,
	"spriteSourceSize": {"x":69,"y":124,"w":83,"h":98},
	"sourceSize": {"w":240,"h":240}
},
"character-bmo-lose0005.png":
{
	"frame": {"x":736,"y":274,"w":90,"h":85},
	"rotated": false,
	"trimmed": true,
	"spriteSourceSize": {"x":62,"y":137,"w":90,"h":85},
	"sourceSize": {"w":240,"h":240}
},
"character-bmo-lose0006.png":
{
	"frame": {"x":736,"y":274,"w":90,"h":85},
	"rotated": false,
	"trimmed": true,
	"spriteSourceSize": {"x":62,"y":137,"w":90,"h":85},
	"sourceSize": {"w":240,"h":240}
},
"character-bmo-lose0007.png":
{
	"frame": {"x":654,"y":418,"w":81,"h":86},
	"rotated": false,
	"trimmed": true,
	"spriteSourceSize": {"x":69,"y":136,"w":81,"h":86},
	"sourceSize": {"w":240,"h":240}
},
"character-bmo-lose0008.png":
{
	"frame": {"x":654,"y":418,"w":81,"h":86},
	"rotated": false,
	"trimmed": true,
	"spriteSourceSize": {"x":69,"y":136,"w":81,"h":86},
	"sourceSize": {"w":240,"h":240}
},
"character-bmo-lose0009.png":
{
	"frame": {"x":348,"y":422,"w":85,"h":80},
	"rotated": false,
	"trimmed": true,
	"spriteSourceSize": {"x":67,"y":142,"w":85,"h":80},
	"sourceSize": {"w":240,"h":240}
},
"character-bmo-run0001.png":
{
	"frame": {"x":1302,"y":186,"w":88,"h":90},
	"rotated": false,
	"trimmed": true,
	"spriteSourceSize": {"x":62,"y":132,"w":88,"h":90},
	"sourceSize": {"w":240,"h":240}
},
"character-bmo-run0002.png":
{
	"frame": {"x":1302,"y":186,"w":88,"h":90},
	"rotated": false,
	"trimmed": true,
	"spriteSourceSize": {"x":62,"y":132,"w":88,"h":90},
	"sourceSize": {"w":240,"h":240}
},
"character-bmo-run0003.png":
{
	"frame": {"x":895,"y":370,"w":72,"h":90},
	"rotated": false,
	"trimmed": true,
	"spriteSourceSize": {"x":70,"y":132,"w":72,"h":90},
	"sourceSize": {"w":240,"h":240}
},
"character-bmo-run0004.png":
{
	"frame": {"x":895,"y":370,"w":72,"h":90},
	"rotated": false,
	"trimmed": true,
	"spriteSourceSize": {"x":70,"y":132,"w":72,"h":90},
	"sourceSize": {"w":240,"h":240}
},
"character-bmo-run0005.png":
{
	"frame": {"x":1046,"y":363,"w":61,"h":90},
	"rotated": false,
	"trimmed": true,
	"spriteSourceSize": {"x":75,"y":132,"w":61,"h":90},
	"sourceSize": {"w":240,"h":240}
},
"character-bmo-run0006.png":
{
	"frame": {"x":1046,"y":363,"w":61,"h":90},
	"rotated": false,
	"trimmed": true,
	"spriteSourceSize": {"x":75,"y":132,"w":61,"h":90},
	"sourceSize": {"w":240,"h":240}
},
"character-bmo-run0007.png":
{
	"frame": {"x":1109,"y":365,"w":63,"h":90},
	"rotated": false,
	"trimmed": true,
	"spriteSourceSize": {"x":75,"y":132,"w":63,"h":90},
	"sourceSize": {"w":240,"h":240}
},
"character-bmo-run0008.png":
{
	"frame": {"x":1109,"y":365,"w":63,"h":90},
	"rotated": false,
	"trimmed": true,
	"spriteSourceSize": {"x":75,"y":132,"w":63,"h":90},
	"sourceSize": {"w":240,"h":240}
},
"character-bmo-run0009.png":
{
	"frame": {"x":1174,"y":367,"w":63,"h":90},
	"rotated": false,
	"trimmed": true,
	"spriteSourceSize": {"x":76,"y":132,"w":63,"h":90},
	"sourceSize": {"w":240,"h":240}
},
"character-bmo-run0010.png":
{
	"frame": {"x":1174,"y":367,"w":63,"h":90},
	"rotated": false,
	"trimmed": true,
	"spriteSourceSize": {"x":76,"y":132,"w":63,"h":90},
	"sourceSize": {"w":240,"h":240}
},
"character-bmo-run0011.png":
{
	"frame": {"x":1239,"y":369,"w":62,"h":90},
	"rotated": false,
	"trimmed": true,
	"spriteSourceSize": {"x":75,"y":132,"w":62,"h":90},
	"sourceSize": {"w":240,"h":240}
},
"character-bmo-run0012.png":
{
	"frame": {"x":1239,"y":369,"w":62,"h":90},
	"rotated": false,
	"trimmed": true,
	"spriteSourceSize": {"x":75,"y":132,"w":62,"h":90},
	"sourceSize": {"w":240,"h":240}
},
"character-bmo-run0013.png":
{
	"frame": {"x":1303,"y":369,"w":62,"h":90},
	"rotated": false,
	"trimmed": true,
	"spriteSourceSize": {"x":75,"y":132,"w":62,"h":90},
	"sourceSize": {"w":240,"h":240}
},
"character-bmo-run0014.png":
{
	"frame": {"x":1303,"y":369,"w":62,"h":90},
	"rotated": false,
	"trimmed": true,
	"spriteSourceSize": {"x":75,"y":132,"w":62,"h":90},
	"sourceSize": {"w":240,"h":240}
},
"character-bmo-run0015.png":
{
	"frame": {"x":737,"y":361,"w":77,"h":90},
	"rotated": false,
	"trimmed": true,
	"spriteSourceSize": {"x":69,"y":132,"w":77,"h":90},
	"sourceSize": {"w":240,"h":240}
},
"character-bmo-run0016.png":
{
	"frame": {"x":737,"y":361,"w":77,"h":90},
	"rotated": false,
	"trimmed": true,
	"spriteSourceSize": {"x":69,"y":132,"w":77,"h":90},
	"sourceSize": {"w":240,"h":240}
},
"character-bmo-stand0001.png":
{
	"frame": {"x":816,"y":370,"w":77,"h":90},
	"rotated": false,
	"trimmed": true,
	"spriteSourceSize": {"x":68,"y":132,"w":77,"h":90},
	"sourceSize": {"w":240,"h":240}
},
"character-bmo-stand0002.png":
{
	"frame": {"x":816,"y":370,"w":77,"h":90},
	"rotated": false,
	"trimmed": true,
	"spriteSourceSize": {"x":68,"y":132,"w":77,"h":90},
	"sourceSize": {"w":240,"h":240}
},
"character-bmo-stand0003.png":
{
	"frame": {"x":816,"y":370,"w":77,"h":90},
	"rotated": false,
	"trimmed": true,
	"spriteSourceSize": {"x":68,"y":132,"w":77,"h":90},
	"sourceSize": {"w":240,"h":240}
},
"character-bmo-stand0004.png":
{
	"frame": {"x":816,"y":370,"w":77,"h":90},
	"rotated": false,
	"trimmed": true,
	"spriteSourceSize": {"x":68,"y":132,"w":77,"h":90},
	"sourceSize": {"w":240,"h":240}
},
"character-bmo-stand0005.png":
{
	"frame": {"x":816,"y":370,"w":77,"h":90},
	"rotated": false,
	"trimmed": true,
	"spriteSourceSize": {"x":68,"y":132,"w":77,"h":90},
	"sourceSize": {"w":240,"h":240}
},
"character-bmo-stand0006.png":
{
	"frame": {"x":1302,"y":278,"w":83,"h":89},
	"rotated": false,
	"trimmed": true,
	"spriteSourceSize": {"x":65,"y":133,"w":83,"h":89},
	"sourceSize": {"w":240,"h":240}
},
"character-bmo-stand0007.png":
{
	"frame": {"x":1302,"y":278,"w":83,"h":89},
	"rotated": false,
	"trimmed": true,
	"spriteSourceSize": {"x":65,"y":133,"w":83,"h":89},
	"sourceSize": {"w":240,"h":240}
},
"character-bmo-stand0008.png":
{
	"frame": {"x":1302,"y":278,"w":83,"h":89},
	"rotated": false,
	"trimmed": true,
	"spriteSourceSize": {"x":65,"y":133,"w":83,"h":89},
	"sourceSize": {"w":240,"h":240}
},
"character-bmo-stand0009.png":
{
	"frame": {"x":1302,"y":278,"w":83,"h":89},
	"rotated": false,
	"trimmed": true,
	"spriteSourceSize": {"x":65,"y":133,"w":83,"h":89},
	"sourceSize": {"w":240,"h":240}
},
"character-bmo-stand0010.png":
{
	"frame": {"x":1302,"y":278,"w":83,"h":89},
	"rotated": false,
	"trimmed": true,
	"spriteSourceSize": {"x":65,"y":133,"w":83,"h":89},
	"sourceSize": {"w":240,"h":240}
},
"character-bmo-tackle0001.png":
{
	"frame": {"x":483,"y":329,"w":86,"h":89},
	"rotated": false,
	"trimmed": true,
	"spriteSourceSize": {"x":64,"y":133,"w":86,"h":89},
	"sourceSize": {"w":240,"h":240}
},
"character-bmo-tackle0002.png":
{
	"frame": {"x":1132,"y":94,"w":99,"h":92},
	"rotated": false,
	"trimmed": true,
	"spriteSourceSize": {"x":74,"y":130,"w":99,"h":92},
	"sourceSize": {"w":240,"h":240}
},
"character-bmo-tackle0003.png":
{
	"frame": {"x":1132,"y":94,"w":99,"h":92},
	"rotated": false,
	"trimmed": true,
	"spriteSourceSize": {"x":74,"y":130,"w":99,"h":92},
	"sourceSize": {"w":240,"h":240}
},
"character-bmo-tackle0004.png":
{
	"frame": {"x":110,"y":205,"w":112,"h":101},
	"rotated": false,
	"trimmed": true,
	"spriteSourceSize": {"x":80,"y":121,"w":112,"h":101},
	"sourceSize": {"w":240,"h":240}
},
"character-bmo-tackle0005.png":
{
	"frame": {"x":110,"y":205,"w":112,"h":101},
	"rotated": false,
	"trimmed": true,
	"spriteSourceSize": {"x":80,"y":121,"w":112,"h":101},
	"sourceSize": {"w":240,"h":240}
},
"character-bmo-tackle0006.png":
{
	"frame": {"x":440,"y":2,"w":124,"h":135},
	"rotated": false,
	"trimmed": true,
	"spriteSourceSize": {"x":80,"y":98,"w":124,"h":135},
	"sourceSize": {"w":240,"h":240}
},
"character-bmo-tackle0007.png":
{
	"frame": {"x":566,"y":2,"w":121,"h":135},
	"rotated": false,
	"trimmed": true,
	"spriteSourceSize": {"x":83,"y":98,"w":121,"h":135},
	"sourceSize": {"w":240,"h":240}
},
"character-bmo-tackle0008.png":
{
	"frame": {"x":310,"y":2,"w":128,"h":135},
	"rotated": false,
	"trimmed": true,
	"spriteSourceSize": {"x":83,"y":101,"w":128,"h":135},
	"sourceSize": {"w":240,"h":240}
},
"character-bmo-tackle0009.png":
{
	"frame": {"x":310,"y":2,"w":128,"h":135},
	"rotated": false,
	"trimmed": true,
	"spriteSourceSize": {"x":83,"y":101,"w":128,"h":135},
	"sourceSize": {"w":240,"h":240}
}},
"meta": {
	"app": "http://www.codeandweb.com/texturepacker",
	"version": "1.0",
	"image": "bmo_red.png",
	"format": "RGBA8888",
	"size": {"w":1392,"h":506},
	"scale": "1",
	"smartupdate": "$TexturePacker:SmartUpdate:7e188b007691abfc305bb6e70647b6ab:7b06962f5393fb467c7633cacb1aeaef:73477e398fe2b8160f64c4a61e2733cd$"
}
}
