<?xml version="1.0" encoding="UTF-8" standalone="no"?>
<!--Created using Glyph Designer - http://www.71squared.com/glyphdesigner-->
<font>
    <info face="Esper" size="42" bold="0" italic="0" chasrset="" unicode="0" stretchH="100" smooth="1" aa="1" padding="0,0,0,0" spacing="0,0"/>
    <common lineHeight="54" base="41" scaleW="256" scaleH="128" pages="1" packed="0"/>
    <pages>
        <page id="0" file="esper_42pt.png"/>
    </pages>
    <chars count="10">
        <char id="32" x="189" y="54" width="0" height="0" xoffset="0" yoffset="57" xadvance="16" page="0" chnl="0" letter="space"/>
        <char id="49" x="150" y="54" width="39" height="54" xoffset="-8" yoffset="3" xadvance="27" page="0" chnl="0" letter="1"/>
        <char id="50" x="0" y="0" width="50" height="54" xoffset="-8" yoffset="3" xadvance="38" page="0" chnl="0" letter="2"/>
        <char id="51" x="50" y="0" width="50" height="54" xoffset="-8" yoffset="3" xadvance="38" page="0" chnl="0" letter="3"/>
        <char id="52" x="100" y="0" width="50" height="54" xoffset="-8" yoffset="3" xadvance="38" page="0" chnl="0" letter="4"/>
        <char id="53" x="150" y="0" width="50" height="54" xoffset="-8" yoffset="3" xadvance="38" page="0" chnl="0" letter="5"/>
        <char id="54" x="200" y="0" width="50" height="54" xoffset="-8" yoffset="3" xadvance="38" page="0" chnl="0" letter="6"/>
        <char id="55" x="0" y="54" width="50" height="54" xoffset="-8" yoffset="3" xadvance="38" page="0" chnl="0" letter="7"/>
        <char id="56" x="50" y="54" width="50" height="54" xoffset="-8" yoffset="3" xadvance="38" page="0" chnl="0" letter="8"/>
        <char id="57" x="100" y="54" width="50" height="54" xoffset="-8" yoffset="3" xadvance="38" page="0" chnl="0" letter="9"/>
    </chars>
    <kernings count="0"/>
</font>