<?xml version="1.0" encoding="UTF-8" standalone="no"?>
<!--Created using Glyph Designer - http://www.71squared.com/glyphdesigner-->
<font>
    <info face="Great Escape Plate XL" size="140" bold="1" italic="0" chasrset="" unicode="0" stretchH="100" smooth="1" aa="1" padding="2,2,2,2" spacing="2,2"/>
    <common lineHeight="167" base="133" scaleW="1024" scaleH="512" pages="1" packed="0"/>
    <pages>
        <page id="0" file="greatesc_plate_140pt.png"/>
    </pages>
    <chars count="27">
        <char id="32" x="462" y="266" width="0" height="0" xoffset="0" yoffset="139" xadvance="34" page="0" chnl="0" letter="space"/>
        <char id="65" x="2" y="144" width="101" height="120" xoffset="-1" yoffset="19" xadvance="86" page="0" chnl="0" letter="A"/>
        <char id="66" x="597" y="144" width="91" height="120" xoffset="7" yoffset="19" xadvance="88" page="0" chnl="0" letter="B"/>
        <char id="67" x="380" y="2" width="83" height="125" xoffset="5" yoffset="17" xadvance="79" page="0" chnl="0" letter="C"/>
        <char id="68" x="690" y="144" width="91" height="120" xoffset="7" yoffset="19" xadvance="90" page="0" chnl="0" letter="D"/>
        <char id="69" x="178" y="266" width="84" height="120" xoffset="7" yoffset="19" xadvance="81" page="0" chnl="0" letter="E"/>
        <char id="70" x="264" y="266" width="77" height="120" xoffset="7" yoffset="19" xadvance="73" page="0" chnl="0" letter="F"/>
        <char id="71" x="202" y="2" width="88" height="125" xoffset="5" yoffset="17" xadvance="86" page="0" chnl="0" letter="G"/>
        <char id="72" x="502" y="144" width="93" height="120" xoffset="7" yoffset="19" xadvance="94" page="0" chnl="0" letter="H"/>
        <char id="73" x="418" y="266" width="42" height="120" xoffset="8" yoffset="19" xadvance="45" page="0" chnl="0" letter="I"/>
        <char id="74" x="562" y="2" width="75" height="123" xoffset="-1" yoffset="19" xadvance="67" page="0" chnl="0" letter="J"/>
        <char id="75" x="307" y="144" width="96" height="120" xoffset="7" yoffset="19" xadvance="88" page="0" chnl="0" letter="K"/>
        <char id="76" x="343" y="266" width="73" height="120" xoffset="7" yoffset="19" xadvance="68" page="0" chnl="0" letter="L"/>
        <char id="77" x="774" y="2" width="116" height="120" xoffset="7" yoffset="19" xadvance="117" page="0" chnl="0" letter="M"/>
        <char id="78" x="405" y="144" width="95" height="120" xoffset="7" yoffset="19" xadvance="96" page="0" chnl="0" letter="N"/>
        <char id="79" x="102" y="2" width="98" height="125" xoffset="5" yoffset="17" xadvance="96" page="0" chnl="0" letter="O"/>
        <char id="80" x="876" y="144" width="88" height="120" xoffset="7" yoffset="19" xadvance="82" page="0" chnl="0" letter="P"/>
        <char id="81" x="2" y="2" width="98" height="140" xoffset="5" yoffset="17" xadvance="96" page="0" chnl="0" letter="Q"/>
        <char id="82" x="783" y="144" width="91" height="120" xoffset="7" yoffset="19" xadvance="89" page="0" chnl="0" letter="R"/>
        <char id="83" x="292" y="2" width="86" height="125" xoffset="4" yoffset="17" xadvance="81" page="0" chnl="0" letter="S"/>
        <char id="84" x="2" y="266" width="87" height="120" xoffset="0" yoffset="19" xadvance="75" page="0" chnl="0" letter="T"/>
        <char id="85" x="465" y="2" width="95" height="123" xoffset="5" yoffset="19" xadvance="93" page="0" chnl="0" letter="U"/>
        <char id="86" x="207" y="144" width="98" height="120" xoffset="-1" yoffset="19" xadvance="83" page="0" chnl="0" letter="V"/>
        <char id="87" x="639" y="2" width="133" height="120" xoffset="-0" yoffset="19" xadvance="119" page="0" chnl="0" letter="W"/>
        <char id="88" x="892" y="2" width="102" height="120" xoffset="-1" yoffset="19" xadvance="86" page="0" chnl="0" letter="X"/>
        <char id="89" x="105" y="144" width="100" height="120" xoffset="-2" yoffset="19" xadvance="84" page="0" chnl="0" letter="Y"/>
        <char id="90" x="91" y="266" width="85" height="120" xoffset="2" yoffset="19" xadvance="76" page="0" chnl="0" letter="Z"/>
    </chars>
    <kernings count="64">
        <kerning first="65" second="84" amount="-6"/>
        <kerning first="65" second="86" amount="-6"/>
        <kerning first="65" second="87" amount="-4"/>
        <kerning first="65" second="89" amount="-11"/>
        <kerning first="66" second="88" amount="-4"/>
        <kerning first="66" second="89" amount="-4"/>
        <kerning first="68" second="88" amount="-4"/>
        <kerning first="68" second="89" amount="-5"/>
        <kerning first="70" second="65" amount="-3"/>
        <kerning first="70" second="74" amount="-7"/>
        <kerning first="71" second="89" amount="-3"/>
        <kerning first="71" second="90" amount="-4"/>
        <kerning first="73" second="72" amount="11"/>
        <kerning first="73" second="73" amount="11"/>
        <kerning first="73" second="75" amount="11"/>
        <kerning first="73" second="76" amount="11"/>
        <kerning first="75" second="67" amount="-4"/>
        <kerning first="75" second="71" amount="-4"/>
        <kerning first="75" second="79" amount="-4"/>
        <kerning first="75" second="81" amount="-4"/>
        <kerning first="76" second="84" amount="-8"/>
        <kerning first="76" second="86" amount="-6"/>
        <kerning first="76" second="87" amount="-3"/>
        <kerning first="76" second="89" amount="-10"/>
        <kerning first="79" second="65" amount="-2"/>
        <kerning first="79" second="84" amount="-2"/>
        <kerning first="79" second="86" amount="-2"/>
        <kerning first="79" second="87" amount="-4"/>
        <kerning first="79" second="88" amount="-4"/>
        <kerning first="79" second="89" amount="-5"/>
        <kerning first="80" second="65" amount="-4"/>
        <kerning first="80" second="74" amount="-13"/>
        <kerning first="81" second="87" amount="-4"/>
        <kerning first="81" second="88" amount="-4"/>
        <kerning first="81" second="89" amount="-5"/>
        <kerning first="82" second="84" amount="-4"/>
        <kerning first="82" second="86" amount="-3"/>
        <kerning first="82" second="89" amount="-4"/>
        <kerning first="84" second="65" amount="-6"/>
        <kerning first="84" second="74" amount="-6"/>
        <kerning first="85" second="65" amount="-2"/>
        <kerning first="86" second="65" amount="-7"/>
        <kerning first="86" second="67" amount="-2"/>
        <kerning first="86" second="71" amount="-2"/>
        <kerning first="86" second="74" amount="-6"/>
        <kerning first="86" second="79" amount="-2"/>
        <kerning first="86" second="81" amount="-2"/>
        <kerning first="86" second="83" amount="-2"/>
        <kerning first="86" second="89" amount="2"/>
        <kerning first="87" second="65" amount="-6"/>
        <kerning first="87" second="74" amount="-3"/>
        <kerning first="87" second="79" amount="-4"/>
        <kerning first="87" second="81" amount="-4"/>
        <kerning first="88" second="67" amount="-4"/>
        <kerning first="88" second="71" amount="-4"/>
        <kerning first="88" second="79" amount="-4"/>
        <kerning first="88" second="81" amount="-4"/>
        <kerning first="89" second="65" amount="-12"/>
        <kerning first="89" second="67" amount="-6"/>
        <kerning first="89" second="71" amount="-6"/>
        <kerning first="89" second="74" amount="-11"/>
        <kerning first="89" second="79" amount="-6"/>
        <kerning first="89" second="81" amount="-6"/>
        <kerning first="89" second="83" amount="-4"/>
    </kernings>
</font>