<?xml version="1.0" encoding="UTF-8" standalone="no"?>
<!--Created using Glyph Designer - http://www.71squared.com/glyphdesigner-->
<font>
    <info face="Great Escape Plate" size="60" bold="1" italic="0" chasrset="" unicode="0" stretchH="100" smooth="1" aa="1" padding="2,2,2,2" spacing="2,2"/>
    <common lineHeight="72" base="57" scaleW="512" scaleH="256" pages="1" packed="0"/>
    <pages>
        <page id="0" file="greatesc_plate_60pt.png"/>
    </pages>
    <chars count="27">
        <char id="32" x="233" y="131" width="0" height="0" xoffset="0" yoffset="64" xadvance="14" page="0" chnl="0" letter="space"/>
        <char id="65" x="434" y="2" width="48" height="58" xoffset="-1" yoffset="6" xadvance="37" page="0" chnl="0" letter="A"/>
        <char id="66" x="290" y="71" width="43" height="58" xoffset="2" yoffset="6" xadvance="38" page="0" chnl="0" letter="B"/>
        <char id="67" x="187" y="2" width="40" height="60" xoffset="1" yoffset="5" xadvance="34" page="0" chnl="0" letter="C"/>
        <char id="68" x="335" y="71" width="43" height="58" xoffset="2" yoffset="6" xadvance="38" page="0" chnl="0" letter="D"/>
        <char id="69" x="89" y="131" width="40" height="58" xoffset="2" yoffset="6" xadvance="35" page="0" chnl="0" letter="E"/>
        <char id="70" x="131" y="131" width="37" height="58" xoffset="2" yoffset="6" xadvance="31" page="0" chnl="0" letter="F"/>
        <char id="71" x="100" y="2" width="42" height="60" xoffset="1" yoffset="5" xadvance="37" page="0" chnl="0" letter="G"/>
        <char id="72" x="244" y="71" width="44" height="58" xoffset="2" yoffset="6" xadvance="40" page="0" chnl="0" letter="H"/>
        <char id="73" x="208" y="131" width="23" height="58" xoffset="2" yoffset="6" xadvance="19" page="0" chnl="0" letter="I"/>
        <char id="74" x="276" y="2" width="37" height="59" xoffset="-1" yoffset="6" xadvance="29" page="0" chnl="0" letter="J"/>
        <char id="75" x="149" y="71" width="46" height="58" xoffset="2" yoffset="6" xadvance="38" page="0" chnl="0" letter="K"/>
        <char id="76" x="170" y="131" width="36" height="58" xoffset="2" yoffset="6" xadvance="29" page="0" chnl="0" letter="L"/>
        <char id="77" x="378" y="2" width="54" height="58" xoffset="2" yoffset="6" xadvance="50" page="0" chnl="0" letter="M"/>
        <char id="78" x="197" y="71" width="45" height="58" xoffset="2" yoffset="6" xadvance="41" page="0" chnl="0" letter="N"/>
        <char id="79" x="51" y="2" width="47" height="60" xoffset="1" yoffset="5" xadvance="41" page="0" chnl="0" letter="O"/>
        <char id="80" x="425" y="71" width="42" height="58" xoffset="2" yoffset="6" xadvance="35" page="0" chnl="0" letter="P"/>
        <char id="81" x="2" y="2" width="47" height="67" xoffset="1" yoffset="5" xadvance="41" page="0" chnl="0" letter="Q"/>
        <char id="82" x="380" y="71" width="43" height="58" xoffset="2" yoffset="6" xadvance="38" page="0" chnl="0" letter="R"/>
        <char id="83" x="144" y="2" width="41" height="60" xoffset="1" yoffset="5" xadvance="35" page="0" chnl="0" letter="S"/>
        <char id="84" x="2" y="131" width="42" height="58" xoffset="-1" yoffset="6" xadvance="32" page="0" chnl="0" letter="T"/>
        <char id="85" x="229" y="2" width="45" height="59" xoffset="1" yoffset="6" xadvance="40" page="0" chnl="0" letter="U"/>
        <char id="86" x="101" y="71" width="46" height="58" xoffset="-1" yoffset="6" xadvance="36" page="0" chnl="0" letter="V"/>
        <char id="87" x="315" y="2" width="61" height="58" xoffset="-1" yoffset="6" xadvance="51" page="0" chnl="0" letter="W"/>
        <char id="88" x="2" y="71" width="48" height="58" xoffset="-2" yoffset="6" xadvance="37" page="0" chnl="0" letter="X"/>
        <char id="89" x="52" y="71" width="47" height="58" xoffset="-2" yoffset="6" xadvance="36" page="0" chnl="0" letter="Y"/>
        <char id="90" x="46" y="131" width="41" height="58" xoffset="-0" yoffset="6" xadvance="33" page="0" chnl="0" letter="Z"/>
    </chars>
    <kernings count="64">
        <kerning first="65" second="84" amount="-2"/>
        <kerning first="65" second="86" amount="-2"/>
        <kerning first="65" second="87" amount="-2"/>
        <kerning first="65" second="89" amount="-5"/>
        <kerning first="66" second="88" amount="-2"/>
        <kerning first="66" second="89" amount="-2"/>
        <kerning first="68" second="88" amount="-2"/>
        <kerning first="68" second="89" amount="-2"/>
        <kerning first="70" second="65" amount="-1"/>
        <kerning first="70" second="74" amount="-3"/>
        <kerning first="71" second="89" amount="-1"/>
        <kerning first="71" second="90" amount="-2"/>
        <kerning first="73" second="72" amount="5"/>
        <kerning first="73" second="73" amount="5"/>
        <kerning first="73" second="75" amount="5"/>
        <kerning first="73" second="76" amount="5"/>
        <kerning first="75" second="67" amount="-2"/>
        <kerning first="75" second="71" amount="-2"/>
        <kerning first="75" second="79" amount="-2"/>
        <kerning first="75" second="81" amount="-2"/>
        <kerning first="76" second="84" amount="-4"/>
        <kerning first="76" second="86" amount="-2"/>
        <kerning first="76" second="87" amount="-1"/>
        <kerning first="76" second="89" amount="-4"/>
        <kerning first="79" second="65" amount="-1"/>
        <kerning first="79" second="84" amount="-1"/>
        <kerning first="79" second="86" amount="-1"/>
        <kerning first="79" second="87" amount="-2"/>
        <kerning first="79" second="88" amount="-2"/>
        <kerning first="79" second="89" amount="-2"/>
        <kerning first="80" second="65" amount="-2"/>
        <kerning first="80" second="74" amount="-5"/>
        <kerning first="81" second="87" amount="-2"/>
        <kerning first="81" second="88" amount="-2"/>
        <kerning first="81" second="89" amount="-2"/>
        <kerning first="82" second="84" amount="-2"/>
        <kerning first="82" second="86" amount="-1"/>
        <kerning first="82" second="89" amount="-2"/>
        <kerning first="84" second="65" amount="-2"/>
        <kerning first="84" second="74" amount="-2"/>
        <kerning first="85" second="65" amount="-1"/>
        <kerning first="86" second="65" amount="-3"/>
        <kerning first="86" second="67" amount="-1"/>
        <kerning first="86" second="71" amount="-1"/>
        <kerning first="86" second="74" amount="-2"/>
        <kerning first="86" second="79" amount="-1"/>
        <kerning first="86" second="81" amount="-1"/>
        <kerning first="86" second="83" amount="-1"/>
        <kerning first="86" second="89" amount="1"/>
        <kerning first="87" second="65" amount="-2"/>
        <kerning first="87" second="74" amount="-1"/>
        <kerning first="87" second="79" amount="-2"/>
        <kerning first="87" second="81" amount="-2"/>
        <kerning first="88" second="67" amount="-2"/>
        <kerning first="88" second="71" amount="-2"/>
        <kerning first="88" second="79" amount="-2"/>
        <kerning first="88" second="81" amount="-2"/>
        <kerning first="89" second="65" amount="-5"/>
        <kerning first="89" second="67" amount="-2"/>
        <kerning first="89" second="71" amount="-2"/>
        <kerning first="89" second="74" amount="-5"/>
        <kerning first="89" second="79" amount="-2"/>
        <kerning first="89" second="81" amount="-2"/>
        <kerning first="89" second="83" amount="-2"/>
    </kernings>
</font>