{
"skeleton": { "hash": "FTbE3A71Nh3qXws++j3vPYnLkVc", "spine": "3.3.06", "width": 181.38, "height": 228.33, "images": "./images/" },
"bones": [
	{ "name": "root", "scaleX": -0.4, "scaleY": 0.4 },
	{ "name": "hip", "parent": "root", "x": -2.84, "y": 243.15 },
	{ "name": "torso", "parent": "hip", "length": 36, "rotation": 90, "x": 5.37, "y": 47.97 },
	{ "name": "arm_top_l", "parent": "torso", "length": 97.61, "rotation": 190, "x": 82.4, "y": 107.85 },
	{ "name": "arm_btm_l", "parent": "arm_top_l", "length": 147.77, "rotation": 307.24, "x": 97.61, "y": -0.56 },
	{ "name": "arm_top_r", "parent": "torso", "length": 97.05, "rotation": 190, "x": 81.52, "y": -118.66 },
	{ "name": "arm_btm_r", "parent": "arm_top_r", "length": 153.47, "rotation": 307.67, "x": 97.05 },
	{ "name": "arm_l_claw_l", "parent": "arm_btm_l", "length": 35.37, "rotation": 270, "x": 147.76, "y": -1.46 },
	{ "name": "arm_l_claw_r", "parent": "arm_btm_l", "length": 32.01, "rotation": 450, "x": 147.19, "y": 0.81 },
	{ "name": "arm_r_claw_l", "parent": "arm_btm_r", "length": 28.22, "rotation": 269.99, "x": 153.46, "y": -1.03 },
	{ "name": "arm_r_claw_r", "parent": "arm_btm_r", "length": 27.41, "rotation": 449.99, "x": 152.32, "y": 0.1 },
	{ "name": "back", "parent": "torso", "length": 27.35, "x": 138.24, "y": -0.17 },
	{ "name": "cog_001", "parent": "back", "rotation": -90, "x": -6.18, "y": -110.24 },
	{ "name": "cog_002", "parent": "back", "rotation": -90, "x": 39.71, "y": -87.76 },
	{ "name": "leg_top_l", "parent": "hip", "length": 103.62, "rotation": -100.42, "x": -37.76, "y": -9.17 },
	{ "name": "leg_btm_l", "parent": "leg_top_l", "length": 118.44, "rotation": 10.88, "x": 104.33 },
	{ "name": "foot_back_l", "parent": "leg_btm_l", "length": 16.51, "rotation": 71.14, "x": 120.85, "y": 23.88 },
	{ "name": "leg_top_r", "parent": "hip", "length": 96.76, "rotation": -94.08, "x": 40.61, "y": -17.98 },
	{ "name": "leg_btm_r", "parent": "leg_top_r", "length": 117.87, "rotation": 4.63, "x": 100.42, "y": -0.51 },
	{ "name": "foot_back_r", "parent": "leg_btm_r", "length": 17.18, "rotation": 91.52, "x": 119.67, "y": 28.6 },
	{ "name": "foot_front_l", "parent": "leg_btm_l", "length": 35.71, "rotation": -78.93, "x": 115.91, "y": -22.72 },
	{ "name": "foot_front_r", "parent": "leg_btm_r", "length": 43.85, "rotation": -74.53, "x": 117.43, "y": -21.83 },
	{ "name": "funnel_001", "parent": "back", "x": 10.26, "y": 89.48 },
	{ "name": "funnel_002", "parent": "back", "x": 40.49, "y": 24.69 },
	{ "name": "head", "parent": "torso", "length": 36, "x": 29.2, "y": 18.42 },
	{ "name": "pelvis", "parent": "hip", "x": 2.85, "y": -15.49 }
],
"slots": [
	{ "name": "foot_back_l", "bone": "foot_back_l", "attachment": "foot_back_l" },
	{ "name": "leg_top_l", "bone": "leg_top_l", "attachment": "leg_top_l" },
	{ "name": "leg_btm_l", "bone": "leg_btm_l", "attachment": "leg_btm_l" },
	{ "name": "foot_front_l", "bone": "foot_front_l", "attachment": "foot_front_l" },
	{ "name": "claw_001_l", "bone": "arm_l_claw_r", "attachment": "claw_001_l" },
	{ "name": "claw_002_l", "bone": "arm_l_claw_l", "attachment": "claw_002_l" },
	{ "name": "arm_top_l", "bone": "arm_top_l", "attachment": "arm_top_l" },
	{ "name": "arm_btm_l", "bone": "arm_btm_l", "attachment": "arm_btm_l" },
	{ "name": "pelvis", "bone": "pelvis", "attachment": "hip" },
	{ "name": "foot_back_r", "bone": "foot_back_r", "attachment": "foot_back_r" },
	{ "name": "leg_top_r", "bone": "leg_top_r", "attachment": "leg_top_r" },
	{ "name": "leg_btm_r", "bone": "leg_btm_r", "attachment": "leg_btm_r" },
	{ "name": "foot_front_r", "bone": "foot_front_r", "attachment": "foot_front_r" },
	{ "name": "cog_002", "bone": "cog_002", "attachment": "cog_002" },
	{ "name": "cog_001", "bone": "cog_001", "attachment": "cog_001" },
	{ "name": "funnel_001", "bone": "funnel_001", "attachment": "funnel_001" },
	{ "name": "funnel_002", "bone": "funnel_002", "attachment": "funnel_002" },
	{ "name": "back", "bone": "back", "attachment": "back" },
	{ "name": "torso", "bone": "torso", "attachment": "torso" },
	{ "name": "head", "bone": "head", "attachment": "head" },
	{ "name": "claw_001_r", "bone": "arm_r_claw_r", "attachment": "claw_001_r" },
	{ "name": "claw_002_r", "bone": "arm_r_claw_l", "attachment": "claw_002_r" },
	{ "name": "arm_top_r", "bone": "arm_top_r", "attachment": "arm_top_r" },
	{ "name": "arm_btm_r", "bone": "arm_btm_r", "attachment": "arm_btm_r" }
],
"skins": {
	"default": {
		"arm_btm_l": {
			"arm_btm_l": { "x": 76.37, "y": 2.84, "rotation": 89.99, "width": 70, "height": 174 }
		},
		"arm_btm_r": {
			"arm_btm_r": { "x": 82.08, "y": 2.85, "rotation": 89.99, "width": 70, "height": 174 }
		},
		"arm_top_l": {
			"arm_top_l": { "x": 42.17, "y": -10.83, "rotation": 89.99, "width": 128, "height": 164 }
		},
		"arm_top_r": {
			"arm_top_r": { "x": 46.16, "y": -10.25, "rotation": 89.99, "width": 128, "height": 164 }
		},
		"back": {
			"back": { "rotation": -90, "width": 184, "height": 158 }
		},
		"claw_001_l": {
			"claw_001_l": { "x": 21.11, "y": -18.58, "width": 50, "height": 62 }
		},
		"claw_001_r": {
			"claw_001_r": { "x": 20.22, "y": -18.04, "rotation": -359.99, "width": 50, "height": 62 }
		},
		"claw_002_l": {
			"claw_002_l": { "x": 21.48, "y": 17.06, "rotation": -179.99, "width": 50, "height": 62 }
		},
		"claw_002_r": {
			"claw_002_r": { "x": 18.6, "y": 16.9, "rotation": -179.99, "width": 50, "height": 62 }
		},
		"cog_001": {
			"cog_001": { "rotation": -90, "width": 98, "height": 98 }
		},
		"cog_002": {
			"cog_002": { "rotation": -90, "width": 46, "height": 44 }
		},
		"foot_back_l": {
			"foot_back_l": { "x": 3.58, "y": 1.22, "rotation": 18.85, "width": 42, "height": 32 }
		},
		"foot_back_r": {
			"foot_back_r": { "x": 5.41, "y": -1.4, "rotation": -1.29, "width": 42, "height": 32 }
		},
		"foot_front_l": {
			"foot_front_l": { "x": 20.21, "y": -1.85, "rotation": 155.48, "width": 70, "height": 56 }
		},
		"foot_front_r": {
			"foot_front_r": { "x": 18.37, "y": -2.14, "rotation": 152.1, "width": 70, "height": 56 }
		},
		"funnel_001": {
			"funnel_001": { "x": 36.4, "y": 6.7, "rotation": -90, "width": 50, "height": 100 }
		},
		"funnel_002": {
			"funnel_002": { "x": 28.74, "y": -0.95, "rotation": -90, "width": 40, "height": 84 }
		},
		"head": {
			"head": { "x": 15.79, "y": -4.42, "rotation": -90, "width": 66, "height": 80 }
		},
		"leg_btm_l": {
			"leg_btm_l": { "x": 58.13, "y": 3.98, "rotation": 89.99, "width": 90, "height": 164 }
		},
		"leg_btm_r": {
			"leg_btm_r": { "x": 59.83, "y": 4.22, "rotation": 90.22, "width": 90, "height": 164 }
		},
		"leg_top_l": {
			"leg_top_l": { "x": 60.41, "y": 1.14, "rotation": 89.99, "width": 56, "height": 150 }
		},
		"leg_top_r": {
			"leg_top_r": { "x": 57.56, "y": 1.36, "rotation": 90.22, "width": 56, "height": 150 }
		},
		"pelvis": {
			"hip": { "y": 23.47, "width": 116, "height": 104 }
		},
		"torso": {
			"torso": { "x": 55.85, "rotation": -90, "width": 256, "height": 182 }
		}
	}
},
"animations": {
	"idle": {
		"bones": {
			"root": {
				"rotate": [
					{ "time": 0, "angle": 0 }
				],
				"translate": [
					{ "time": 0, "x": 0, "y": 0 }
				],
				"scale": [
					{ "time": 0, "x": 1, "y": 1 }
				]
			},
			"hip": {
				"rotate": [
					{ "time": 0, "angle": 0 }
				],
				"translate": [
					{ "time": 0, "x": 0, "y": 0 }
				],
				"scale": [
					{ "time": 0, "x": 1, "y": 1 }
				]
			},
			"torso": {
				"rotate": [
					{ "time": 0, "angle": 0 }
				],
				"translate": [
					{ "time": 0, "x": 0, "y": 0 }
				],
				"scale": [
					{ "time": 0, "x": 1, "y": 1 }
				]
			},
			"arm_top_l": {
				"rotate": [
					{ "time": 0, "angle": 0 }
				],
				"translate": [
					{ "time": 0, "x": 0, "y": 0 }
				],
				"scale": [
					{ "time": 0, "x": 1, "y": 1 }
				]
			},
			"arm_btm_l": {
				"rotate": [
					{ "time": 0, "angle": 0 }
				],
				"translate": [
					{ "time": 0, "x": 0, "y": 0 }
				],
				"scale": [
					{ "time": 0, "x": 1, "y": 1 }
				]
			},
			"arm_top_r": {
				"rotate": [
					{ "time": 0, "angle": 0 }
				],
				"translate": [
					{ "time": 0, "x": 0, "y": 0 }
				],
				"scale": [
					{ "time": 0, "x": 1, "y": 1 }
				]
			},
			"arm_btm_r": {
				"rotate": [
					{ "time": 0, "angle": 0 }
				],
				"translate": [
					{ "time": 0, "x": 0, "y": 0 }
				],
				"scale": [
					{ "time": 0, "x": 1, "y": 1 }
				]
			},
			"arm_l_claw_l": {
				"rotate": [
					{ "time": 0, "angle": 0 }
				],
				"translate": [
					{ "time": 0, "x": 0, "y": 0 }
				],
				"scale": [
					{ "time": 0, "x": 1, "y": 1 }
				]
			},
			"arm_l_claw_r": {
				"rotate": [
					{ "time": 0, "angle": 0 }
				],
				"translate": [
					{ "time": 0, "x": 0, "y": 0 }
				],
				"scale": [
					{ "time": 0, "x": 1, "y": 1 }
				]
			},
			"arm_r_claw_l": {
				"rotate": [
					{ "time": 0, "angle": 0 }
				],
				"translate": [
					{ "time": 0, "x": 0, "y": 0 }
				],
				"scale": [
					{ "time": 0, "x": 1, "y": 1 }
				]
			},
			"arm_r_claw_r": {
				"rotate": [
					{ "time": 0, "angle": 0 }
				],
				"translate": [
					{ "time": 0, "x": 0, "y": 0 }
				],
				"scale": [
					{ "time": 0, "x": 1, "y": 1 }
				]
			},
			"back": {
				"rotate": [
					{ "time": 0, "angle": 0 }
				],
				"translate": [
					{ "time": 0, "x": 0, "y": 0 }
				],
				"scale": [
					{ "time": 0, "x": 1, "y": 1 }
				]
			},
			"cog_001": {
				"rotate": [
					{ "time": 0, "angle": 0 }
				],
				"translate": [
					{ "time": 0, "x": 0, "y": 0 }
				],
				"scale": [
					{ "time": 0, "x": 1, "y": 1 }
				]
			},
			"cog_002": {
				"rotate": [
					{ "time": 0, "angle": 0 }
				],
				"translate": [
					{ "time": 0, "x": 0, "y": 0 }
				],
				"scale": [
					{ "time": 0, "x": 1, "y": 1 }
				]
			},
			"leg_top_l": {
				"rotate": [
					{ "time": 0, "angle": 0 }
				],
				"translate": [
					{ "time": 0, "x": 0, "y": 0 }
				],
				"scale": [
					{ "time": 0, "x": 1, "y": 1 }
				]
			},
			"leg_btm_l": {
				"rotate": [
					{ "time": 0, "angle": 0 }
				],
				"translate": [
					{ "time": 0, "x": 0, "y": 0 }
				],
				"scale": [
					{ "time": 0, "x": 1, "y": 1 }
				]
			},
			"foot_back_l": {
				"rotate": [
					{ "time": 0, "angle": 0 }
				],
				"translate": [
					{ "time": 0, "x": 0, "y": 0 }
				],
				"scale": [
					{ "time": 0, "x": 1, "y": 1 }
				]
			},
			"leg_top_r": {
				"rotate": [
					{ "time": 0, "angle": 0 }
				],
				"translate": [
					{ "time": 0, "x": 0, "y": 0 }
				],
				"scale": [
					{ "time": 0, "x": 1, "y": 1 }
				]
			},
			"leg_btm_r": {
				"rotate": [
					{ "time": 0, "angle": 0 }
				],
				"translate": [
					{ "time": 0, "x": 0, "y": 0 }
				],
				"scale": [
					{ "time": 0, "x": 1, "y": 1 }
				]
			},
			"foot_back_r": {
				"rotate": [
					{ "time": 0, "angle": 0 }
				],
				"translate": [
					{ "time": 0, "x": 0, "y": 0 }
				],
				"scale": [
					{ "time": 0, "x": 1, "y": 1 }
				]
			},
			"foot_front_l": {
				"rotate": [
					{ "time": 0, "angle": 0 }
				],
				"translate": [
					{ "time": 0, "x": 0, "y": 0 }
				],
				"scale": [
					{ "time": 0, "x": 1, "y": 1 }
				]
			},
			"foot_front_r": {
				"rotate": [
					{ "time": 0, "angle": 0 }
				],
				"translate": [
					{ "time": 0, "x": 0, "y": 0 }
				],
				"scale": [
					{ "time": 0, "x": 1, "y": 1 }
				]
			},
			"funnel_001": {
				"rotate": [
					{ "time": 0, "angle": 0 }
				],
				"translate": [
					{ "time": 0, "x": 0, "y": 0 }
				],
				"scale": [
					{ "time": 0, "x": 1, "y": 1 }
				]
			},
			"funnel_002": {
				"rotate": [
					{ "time": 0, "angle": 0 }
				],
				"translate": [
					{ "time": 0, "x": 0, "y": 0 }
				],
				"scale": [
					{ "time": 0, "x": 1, "y": 1 }
				]
			},
			"head": {
				"rotate": [
					{ "time": 0, "angle": 0 }
				],
				"translate": [
					{ "time": 0, "x": 0, "y": 0 }
				],
				"scale": [
					{ "time": 0, "x": 1, "y": 1 }
				]
			},
			"pelvis": {
				"rotate": [
					{ "time": 0, "angle": 0 }
				],
				"translate": [
					{ "time": 0, "x": 0, "y": 0 }
				],
				"scale": [
					{ "time": 0, "x": 1, "y": 1 }
				]
			}
		}
	},
	"walk": {
		"bones": {
			"root": {
				"rotate": [
					{ "time": 0, "angle": 0, "curve": "stepped" },
					{ "time": 1.3333, "angle": 0 }
				],
				"translate": [
					{ "time": 0, "x": 0, "y": 0, "curve": "stepped" },
					{ "time": 1.3333, "x": 0, "y": 0 }
				],
				"scale": [
					{ "time": 0, "x": 1, "y": 1, "curve": "stepped" },
					{ "time": 1.3333, "x": 1, "y": 1 }
				]
			},
			"hip": {
				"rotate": [
					{ "time": 0, "angle": 0, "curve": "stepped" },
					{ "time": 0.6666, "angle": 0, "curve": "stepped" },
					{ "time": 1.3333, "angle": 0 }
				],
				"translate": [
					{ "time": 0, "x": 0, "y": 0, "curve": "stepped" },
					{ "time": 0.2666, "x": 0, "y": 0, "curve": "stepped" },
					{ "time": 0.4, "x": 0, "y": 0, "curve": "stepped" },
					{ "time": 0.6666, "x": 0, "y": 0, "curve": "stepped" },
					{ "time": 1, "x": 0, "y": 0, "curve": "stepped" },
					{ "time": 1.3333, "x": 0, "y": 0 }
				],
				"scale": [
					{ "time": 0, "x": 1, "y": 1, "curve": "stepped" },
					{ "time": 0.6666, "x": 1, "y": 1, "curve": "stepped" },
					{ "time": 1.3333, "x": 1, "y": 1 }
				]
			},
			"torso": {
				"rotate": [
					{ "time": 0, "angle": 0, "curve": "stepped" },
					{ "time": 1.3333, "angle": 0 }
				],
				"translate": [
					{ "time": 0, "x": 0, "y": 0, "curve": "stepped" },
					{ "time": 0.1666, "x": 0, "y": 0 },
					{ "time": 0.3333, "x": 0, "y": 8.95, "curve": "stepped" },
					{ "time": 0.5666, "x": 0, "y": 8.95 },
					{ "time": 0.6666, "x": 0, "y": -6.39 },
					{ "time": 0.8333, "x": 0, "y": 0 },
					{ "time": 1, "x": 0, "y": 8.95, "curve": "stepped" },
					{ "time": 1.2333, "x": 0, "y": 8.95 },
					{ "time": 1.3333, "x": 0, "y": 0 }
				],
				"scale": [
					{ "time": 0, "x": 1, "y": 1, "curve": "stepped" },
					{ "time": 1.3333, "x": 1, "y": 1 }
				]
			},
			"arm_top_r": {
				"rotate": [
					{
						"time": 0,
						"angle": 0,
						"curve": [ 0.25, 0, 0.75, 1 ]
					},
					{
						"time": 0.3333,
						"angle": -5,
						"curve": [ 0.25, 0, 0.75, 1 ]
					},
					{
						"time": 0.6666,
						"angle": 0,
						"curve": [ 0.25, 0, 0.75, 1 ]
					},
					{
						"time": 1,
						"angle": -5,
						"curve": [ 0.25, 0, 0.75, 1 ]
					},
					{ "time": 1.3333, "angle": 0 }
				],
				"translate": [
					{ "time": 0, "x": 0, "y": 0, "curve": "stepped" },
					{ "time": 0.2, "x": 0, "y": 0 },
					{ "time": 0.3333, "x": 8.62, "y": 0.95 },
					{ "time": 0.4666, "x": 0, "y": 0, "curve": "stepped" },
					{ "time": 0.8666, "x": 0, "y": 0 },
					{ "time": 1, "x": 8.62, "y": 0.95 },
					{ "time": 1.1333, "x": 0, "y": 0, "curve": "stepped" },
					{ "time": 1.3333, "x": 0, "y": 0 }
				],
				"scale": [
					{ "time": 0, "x": 1, "y": 1, "curve": "stepped" },
					{ "time": 1.3333, "x": 1, "y": 1 }
				]
			},
			"arm_top_l": {
				"rotate": [
					{
						"time": 0,
						"angle": 0,
						"curve": [ 0.25, 0, 0.75, 1 ]
					},
					{
						"time": 0.3333,
						"angle": -5,
						"curve": [ 0.25, 0, 0.75, 1 ]
					},
					{
						"time": 0.6666,
						"angle": 0,
						"curve": [ 0.25, 0, 0.75, 1 ]
					},
					{
						"time": 1,
						"angle": -5,
						"curve": [ 0.25, 0, 0.75, 1 ]
					},
					{ "time": 1.3333, "angle": 0 }
				],
				"translate": [
					{ "time": 0, "x": 0, "y": 0, "curve": "stepped" },
					{ "time": 0.2, "x": 0, "y": 0 },
					{ "time": 0.3333, "x": 8.62, "y": 0.95 },
					{ "time": 0.4666, "x": 0, "y": 0, "curve": "stepped" },
					{ "time": 0.8666, "x": 0, "y": 0 },
					{ "time": 1, "x": 8.62, "y": 0.95 },
					{ "time": 1.1333, "x": 0, "y": 0, "curve": "stepped" },
					{ "time": 1.3333, "x": 0, "y": 0 }
				],
				"scale": [
					{ "time": 0, "x": 1, "y": 1, "curve": "stepped" },
					{ "time": 1.3333, "x": 1, "y": 1 }
				]
			},
			"head": {
				"rotate": [
					{ "time": 0, "angle": 0, "curve": "stepped" },
					{ "time": 1.3333, "angle": 0 }
				],
				"translate": [
					{ "time": 0, "x": -6.82, "y": 0 },
					{
						"time": 0.0333,
						"x": -10.23,
						"y": 0,
						"curve": [ 0.25, 0, 0.75, 1 ]
					},
					{ "time": 0.1333, "x": 0, "y": 0, "curve": "stepped" },
					{ "time": 0.6, "x": 0, "y": 0 },
					{
						"time": 0.7,
						"x": -10.23,
						"y": 0,
						"curve": [ 0.25, 0, 0.75, 1 ]
					},
					{ "time": 0.8, "x": 0, "y": 0, "curve": "stepped" },
					{ "time": 1.2666, "x": 0, "y": 0 },
					{ "time": 1.3333, "x": -6.82, "y": 0 }
				],
				"scale": [
					{ "time": 0, "x": 1, "y": 1, "curve": "stepped" },
					{ "time": 1.3333, "x": 1, "y": 1 }
				]
			},
			"leg_top_l": {
				"rotate": [
					{ "time": 0, "angle": 0, "curve": "stepped" },
					{
						"time": 0.6666,
						"angle": 0,
						"curve": [ 0, 0.24, 0.75, 1 ]
					},
					{
						"time": 1,
						"angle": -29.11,
						"curve": [ 0.25, 0, 1, 0.48 ]
					},
					{ "time": 1.3333, "angle": 0 }
				],
				"translate": [
					{ "time": 0, "x": 0, "y": -0.47 },
					{
						"time": 0.6666,
						"x": 16.43,
						"y": -0.47,
						"curve": [ 0.25, 0, 0.75, 1 ]
					},
					{ "time": 1, "x": 0, "y": 10.81, "curve": "stepped" },
					{
						"time": 1.2333,
						"x": 0,
						"y": 10.81,
						"curve": [ 0.25, 0, 1, 0.55 ]
					},
					{ "time": 1.3333, "x": 0, "y": -0.47 }
				],
				"scale": [
					{ "time": 0, "x": 1, "y": 1, "curve": "stepped" },
					{ "time": 1.3333, "x": 1, "y": 1 }
				]
			},
			"leg_btm_l": {
				"rotate": [
					{ "time": 0, "angle": 0 },
					{
						"time": 0.6666,
						"angle": 22.37,
						"curve": [ 0.25, 0, 0.75, 1 ]
					},
					{ "time": 0.8666, "angle": 54.07 },
					{ "time": 1.1666, "angle": 27.12 },
					{ "time": 1.3333, "angle": 0 }
				],
				"translate": [
					{ "time": 0, "x": 0, "y": 0, "curve": "stepped" },
					{ "time": 1.3333, "x": 0, "y": 0 }
				],
				"scale": [
					{ "time": 0, "x": 1, "y": 1, "curve": "stepped" },
					{ "time": 1.3333, "x": 1, "y": 1 }
				]
			},
			"arm_btm_r": {
				"rotate": [
					{ "time": 0, "angle": 2.32 },
					{ "time": 0.3333, "angle": -2.67 },
					{ "time": 0.6666, "angle": 2.32 },
					{ "time": 1, "angle": -2.67 },
					{ "time": 1.3333, "angle": 2.32 }
				],
				"translate": [
					{ "time": 0, "x": 0, "y": 0, "curve": "stepped" },
					{ "time": 1.3333, "x": 0, "y": 0 }
				],
				"scale": [
					{ "time": 0, "x": 1, "y": 1, "curve": "stepped" },
					{ "time": 1.3333, "x": 1, "y": 1 }
				]
			},
			"arm_btm_l": {
				"rotate": [
					{ "time": 0, "angle": 2.75, "curve": "stepped" },
					{ "time": 1.3333, "angle": 2.75 }
				],
				"translate": [
					{ "time": 0, "x": 0, "y": 0, "curve": "stepped" },
					{ "time": 1.3333, "x": 0, "y": 0 }
				],
				"scale": [
					{ "time": 0, "x": 1, "y": 1, "curve": "stepped" },
					{ "time": 1.3333, "x": 1, "y": 1 }
				]
			},
			"foot_front_l": {
				"rotate": [
					{ "time": 0, "angle": 0 },
					{ "time": 0.6666, "angle": -19.43 },
					{ "time": 0.8666, "angle": 28.5 },
					{ "time": 1.0333, "angle": -28.54, "curve": "stepped" },
					{ "time": 1.2333, "angle": -28.54 },
					{ "time": 1.3333, "angle": 0 }
				],
				"translate": [
					{ "time": 0, "x": 0, "y": 0, "curve": "stepped" },
					{ "time": 1.3333, "x": 0, "y": 0 }
				],
				"scale": [
					{ "time": 0, "x": 1, "y": 1, "curve": "stepped" },
					{ "time": 1.3333, "x": 1, "y": 1 }
				]
			},
			"foot_back_r": {
				"rotate": [
					{ "time": 0, "angle": -19.92 },
					{ "time": 0.1333, "angle": -20.47 },
					{ "time": 0.6666, "angle": 0 },
					{ "time": 1.3333, "angle": -19.92 }
				],
				"translate": [
					{ "time": 0, "x": 0, "y": 0 },
					{ "time": 1.3333, "x": 4.75, "y": -1.93 }
				],
				"scale": [
					{ "time": 0, "x": 1, "y": 1, "curve": "stepped" },
					{ "time": 1.3333, "x": 1, "y": 1 }
				]
			},
			"arm_l_claw_l": {
				"rotate": [
					{ "time": 0, "angle": 0, "curve": "stepped" },
					{ "time": 1.3333, "angle": 0 }
				],
				"translate": [
					{ "time": 0, "x": 0, "y": 0, "curve": "stepped" },
					{ "time": 1.3333, "x": 0, "y": 0 }
				],
				"scale": [
					{ "time": 0, "x": 1, "y": 1, "curve": "stepped" },
					{ "time": 1.3333, "x": 1, "y": 1 }
				]
			},
			"arm_l_claw_r": {
				"rotate": [
					{ "time": 0, "angle": 0, "curve": "stepped" },
					{ "time": 1.3333, "angle": 0 }
				],
				"translate": [
					{ "time": 0, "x": 0, "y": 0, "curve": "stepped" },
					{ "time": 1.3333, "x": 0, "y": 0 }
				],
				"scale": [
					{ "time": 0, "x": 1, "y": 1, "curve": "stepped" },
					{ "time": 1.3333, "x": 1, "y": 1 }
				]
			},
			"arm_r_claw_l": {
				"rotate": [
					{ "time": 0, "angle": 0, "curve": "stepped" },
					{ "time": 1.3333, "angle": 0 }
				],
				"translate": [
					{ "time": 0, "x": 0, "y": 0, "curve": "stepped" },
					{ "time": 1.3333, "x": 0, "y": 0 }
				],
				"scale": [
					{ "time": 0, "x": 1, "y": 1, "curve": "stepped" },
					{ "time": 1.3333, "x": 1, "y": 1 }
				]
			},
			"arm_r_claw_r": {
				"rotate": [
					{ "time": 0, "angle": 0, "curve": "stepped" },
					{ "time": 1.3333, "angle": 0 }
				],
				"translate": [
					{ "time": 0, "x": 0, "y": 0, "curve": "stepped" },
					{ "time": 1.3333, "x": 0, "y": 0 }
				],
				"scale": [
					{ "time": 0, "x": 1, "y": 1, "curve": "stepped" },
					{ "time": 1.3333, "x": 1, "y": 1 }
				]
			},
			"back": {
				"rotate": [
					{ "time": 0, "angle": 0, "curve": "stepped" },
					{ "time": 1.3333, "angle": 0 }
				],
				"translate": [
					{ "time": 0, "x": 0, "y": 0, "curve": "stepped" },
					{ "time": 0.2, "x": 0, "y": 0 },
					{ "time": 0.3333, "x": -3.83, "y": 0 },
					{ "time": 0.4666, "x": 0, "y": 0, "curve": "stepped" },
					{ "time": 0.8666, "x": 0, "y": 0 },
					{ "time": 1, "x": -3.83, "y": 0 },
					{ "time": 1.1333, "x": 0, "y": 0, "curve": "stepped" },
					{ "time": 1.3333, "x": 0, "y": 0 }
				],
				"scale": [
					{ "time": 0, "x": 1, "y": 1, "curve": "stepped" },
					{ "time": 1.3333, "x": 1, "y": 1 }
				]
			},
			"funnel_001": {
				"rotate": [
					{ "time": 0, "angle": 0, "curve": "stepped" },
					{ "time": 1.3333, "angle": 0 }
				],
				"translate": [
					{ "time": 0, "x": 0, "y": 0, "curve": "stepped" },
					{ "time": 1.3333, "x": 0, "y": 0 }
				],
				"scale": [
					{ "time": 0, "x": 1, "y": 1 },
					{ "time": 0.1, "x": 0.884, "y": 1 },
					{ "time": 0.2, "x": 1.041, "y": 1 },
					{ "time": 0.3333, "x": 1, "y": 1 },
					{ "time": 0.4333, "x": 0.884, "y": 1 },
					{ "time": 0.5333, "x": 1.041, "y": 1 },
					{ "time": 0.6666, "x": 1, "y": 1 },
					{ "time": 0.7666, "x": 0.884, "y": 1 },
					{ "time": 0.8666, "x": 1.041, "y": 1 },
					{ "time": 1, "x": 1, "y": 1 },
					{ "time": 1.1, "x": 0.884, "y": 1 },
					{ "time": 1.2, "x": 1.041, "y": 1 },
					{ "time": 1.3333, "x": 1, "y": 1 }
				]
			},
			"cog_001": {
				"rotate": [
					{ "time": 0, "angle": -90 },
					{ "time": 0.3333, "angle": 180 },
					{ "time": 1, "angle": -360 },
					{ "time": 1.3333, "angle": -90 }
				],
				"translate": [
					{ "time": 0, "x": 0, "y": 0, "curve": "stepped" },
					{ "time": 1.3333, "x": 0, "y": 0 }
				],
				"scale": [
					{ "time": 0, "x": 1, "y": 1, "curve": "stepped" },
					{ "time": 1.3333, "x": 1, "y": 1 }
				]
			},
			"funnel_002": {
				"rotate": [
					{ "time": 0, "angle": 0, "curve": "stepped" },
					{ "time": 1.3333, "angle": 0 }
				],
				"translate": [
					{ "time": 0, "x": 0, "y": 0 }
				],
				"scale": [
					{ "time": 0, "x": 1, "y": 1 },
					{ "time": 0.1, "x": 1.153, "y": 1 },
					{ "time": 0.1666, "x": 1, "y": 1 },
					{ "time": 0.2666, "x": 1.153, "y": 1 },
					{ "time": 0.3333, "x": 1, "y": 1 },
					{ "time": 0.4333, "x": 1.153, "y": 1 },
					{ "time": 0.5, "x": 1, "y": 1 },
					{ "time": 0.6, "x": 1.153, "y": 1 },
					{ "time": 0.6666, "x": 1, "y": 1 },
					{ "time": 0.7666, "x": 1.153, "y": 1 },
					{ "time": 0.8333, "x": 1, "y": 1 },
					{ "time": 0.9333, "x": 1.153, "y": 1 },
					{ "time": 1, "x": 1, "y": 1 },
					{ "time": 1.1, "x": 1.153, "y": 1 },
					{ "time": 1.1666, "x": 1, "y": 1 },
					{ "time": 1.2666, "x": 1.153, "y": 1 },
					{ "time": 1.3333, "x": 1, "y": 1 }
				]
			},
			"cog_002": {
				"rotate": [
					{ "time": 0, "angle": -120 },
					{ "time": 0.1666, "angle": 180 },
					{ "time": 0.6666, "angle": -360 },
					{ "time": 1.3333, "angle": -120 }
				],
				"translate": [
					{ "time": 0, "x": 0, "y": 0, "curve": "stepped" },
					{ "time": 1.3333, "x": 0, "y": 0 }
				],
				"scale": [
					{ "time": 0, "x": 1, "y": 1, "curve": "stepped" },
					{ "time": 1.3333, "x": 1, "y": 1 }
				]
			},
			"leg_top_r": {
				"rotate": [
					{
						"time": 0,
						"angle": 0,
						"curve": [ 0.275, 0, 0.62, 0.4 ]
					},
					{
						"time": 0.3333,
						"angle": -33.76,
						"curve": [ 0.25, 0, 1, 0.54 ]
					},
					{
						"time": 0.6666,
						"angle": -9.26,
						"curve": [ 0.375, 0.5, 0.75, 1 ]
					},
					{ "time": 1.3333, "angle": 0 }
				],
				"translate": [
					{
						"time": 0,
						"x": 7.18,
						"y": 0,
						"curve": [ 0.25, 0, 0.75, 1 ]
					},
					{ "time": 0.3333, "x": -18.48, "y": 14.37, "curve": "stepped" },
					{
						"time": 0.5,
						"x": -18.48,
						"y": 14.37,
						"curve": [ 0.645, 0, 1, 0.71 ]
					},
					{
						"time": 0.6666,
						"x": -18.48,
						"y": 0,
						"curve": [ 0.375, 0.5, 0.75, 1 ]
					},
					{ "time": 1.3333, "x": 7.18, "y": 0 }
				]
			},
			"foot_back_l": {
				"rotate": [
					{ "time": 0, "angle": 0 },
					{ "time": 0.6666, "angle": -23 },
					{ "time": 0.8666, "angle": -29.9, "curve": "stepped" },
					{ "time": 1.2666, "angle": -29.9 },
					{ "time": 1.3333, "angle": 0 }
				],
				"translate": [
					{ "time": 0, "x": 0, "y": 0 },
					{ "time": 0.3666, "x": 5, "y": -1.13 },
					{ "time": 0.6666, "x": 0, "y": 0 }
				],
				"scale": [
					{ "time": 0, "x": 1, "y": 1, "curve": "stepped" },
					{ "time": 0.6666, "x": 1, "y": 1 }
				]
			},
			"leg_btm_r": {
				"rotate": [
					{
						"time": 0,
						"angle": 21.59,
						"curve": [ 0.311, 0, 0.645, 0.35 ]
					},
					{
						"time": 0.2,
						"angle": 48.21,
						"curve": [ 0.321, 0.25, 0.655, 0.59 ]
					},
					{
						"time": 0.3333,
						"angle": 38.32,
						"curve": [ 0.312, 0.24, 0.647, 0.58 ]
					},
					{
						"time": 0.6666,
						"angle": 8.43,
						"curve": [ 0.314, 0.27, 0.657, 0.63 ]
					},
					{ "time": 1.3333, "angle": 21.59 }
				],
				"translate": [
					{ "time": 0, "x": 0, "y": 0, "curve": "stepped" },
					{ "time": 0.6666, "x": 0, "y": 0, "curve": "stepped" },
					{ "time": 1.3333, "x": 0, "y": 0 }
				],
				"scale": [
					{ "time": 0, "x": 1, "y": 1, "curve": "stepped" },
					{ "time": 0.6666, "x": 1, "y": 1, "curve": "stepped" },
					{ "time": 1.3333, "x": 1, "y": 1 }
				]
			},
			"foot_front_r": {
				"rotate": [
					{ "time": 0, "angle": -20.64 },
					{ "time": 0.1666, "angle": 18.99 },
					{
						"time": 0.3666,
						"angle": -24.67,
						"curve": [ 0.25, 0, 1, 0.61 ]
					},
					{ "time": 0.6666, "angle": 0 },
					{ "time": 1.2, "angle": -19.07 },
					{ "time": 1.3333, "angle": -20.64 }
				],
				"translate": [
					{ "time": 0, "x": 0, "y": 0, "curve": "stepped" },
					{ "time": 0.6666, "x": 0, "y": 0, "curve": "stepped" },
					{ "time": 1.3333, "x": 0, "y": 0 }
				],
				"scale": [
					{ "time": 0, "x": 1, "y": 1, "curve": "stepped" },
					{ "time": 0.6666, "x": 1, "y": 1, "curve": "stepped" },
					{ "time": 1.3333, "x": 1, "y": 1 }
				]
			},
			"pelvis": {
				"rotate": [
					{ "time": 0, "angle": 0, "curve": "stepped" },
					{ "time": 0.6666, "angle": 0, "curve": "stepped" },
					{ "time": 1.3333, "angle": 0 }
				],
				"translate": [
					{ "time": 0, "x": 0, "y": 0, "curve": "stepped" },
					{
						"time": 0.1666,
						"x": 0,
						"y": 0,
						"curve": [ 0.25, 0, 0.75, 1 ]
					},
					{
						"time": 0.3333,
						"x": 0,
						"y": 10.23,
						"curve": [ 0.25, 0, 1, 0.68 ]
					},
					{ "time": 0.6666, "x": 0, "y": 0, "curve": "stepped" },
					{
						"time": 0.8333,
						"x": 0,
						"y": 0,
						"curve": [ 0.25, 0, 0.75, 1 ]
					},
					{
						"time": 1,
						"x": 0,
						"y": 10.23,
						"curve": [ 0.25, 0, 1, 0.68 ]
					},
					{ "time": 1.3333, "x": 0, "y": 0 }
				],
				"scale": [
					{ "time": 0, "x": 1, "y": 1, "curve": "stepped" },
					{ "time": 0.6666, "x": 1, "y": 1, "curve": "stepped" },
					{ "time": 1.3333, "x": 1, "y": 1 }
				]
			}
		}
	},
	"walk-old": {
		"bones": {
			"root": {
				"rotate": [
					{ "time": 0, "angle": 0, "curve": "stepped" },
					{ "time": 1.3333, "angle": 0 }
				],
				"translate": [
					{ "time": 0, "x": 0, "y": 0, "curve": "stepped" },
					{ "time": 1.3333, "x": 0, "y": 0 }
				],
				"scale": [
					{ "time": 0, "x": 1, "y": 1, "curve": "stepped" },
					{ "time": 1.3333, "x": 1, "y": 1 }
				]
			},
			"hip": {
				"rotate": [
					{ "time": 0, "angle": 0, "curve": "stepped" },
					{ "time": 1.3333, "angle": 0 }
				],
				"translate": [
					{ "time": 0, "x": 0, "y": 0 },
					{ "time": 0.3333, "x": 0, "y": -15.32 },
					{ "time": 0.6666, "x": 0, "y": 0 },
					{ "time": 1, "x": 0, "y": -15.32 },
					{ "time": 1.3333, "x": 0, "y": 0 }
				],
				"scale": [
					{ "time": 0, "x": 1, "y": 1, "curve": "stepped" },
					{ "time": 1.3333, "x": 1, "y": 1 }
				]
			},
			"torso": {
				"rotate": [
					{ "time": 0, "angle": 0, "curve": "stepped" },
					{ "time": 1.3333, "angle": 0 }
				],
				"translate": [
					{ "time": 0, "x": 0, "y": 0, "curve": "stepped" },
					{ "time": 1.3333, "x": 0, "y": 0 }
				],
				"scale": [
					{ "time": 0, "x": 1, "y": 1, "curve": "stepped" },
					{ "time": 1.3333, "x": 1, "y": 1 }
				]
			},
			"arm_top_r": {
				"rotate": [
					{
						"time": 0,
						"angle": 0,
						"curve": [ 0.25, 0, 0.75, 1 ]
					},
					{
						"time": 0.3333,
						"angle": -5,
						"curve": [ 0.25, 0, 0.75, 1 ]
					},
					{
						"time": 0.6666,
						"angle": 0,
						"curve": [ 0.25, 0, 0.75, 1 ]
					},
					{
						"time": 1,
						"angle": -5,
						"curve": [ 0.25, 0, 0.75, 1 ]
					},
					{ "time": 1.3333, "angle": 0 }
				],
				"translate": [
					{ "time": 0, "x": 0, "y": 0, "curve": "stepped" },
					{ "time": 0.2, "x": 0, "y": 0 },
					{ "time": 0.3333, "x": 8.62, "y": 0.95 },
					{ "time": 0.4666, "x": 0, "y": 0, "curve": "stepped" },
					{ "time": 0.8666, "x": 0, "y": 0 },
					{ "time": 1, "x": 8.62, "y": 0.95 },
					{ "time": 1.1333, "x": 0, "y": 0, "curve": "stepped" },
					{ "time": 1.3333, "x": 0, "y": 0 }
				],
				"scale": [
					{ "time": 0, "x": 1, "y": 1, "curve": "stepped" },
					{ "time": 1.3333, "x": 1, "y": 1 }
				]
			},
			"arm_top_l": {
				"rotate": [
					{
						"time": 0,
						"angle": 0,
						"curve": [ 0.25, 0, 0.75, 1 ]
					},
					{
						"time": 0.3333,
						"angle": -5,
						"curve": [ 0.25, 0, 0.75, 1 ]
					},
					{
						"time": 0.6666,
						"angle": 0,
						"curve": [ 0.25, 0, 0.75, 1 ]
					},
					{
						"time": 1,
						"angle": -5,
						"curve": [ 0.25, 0, 0.75, 1 ]
					},
					{ "time": 1.3333, "angle": 0 }
				],
				"translate": [
					{ "time": 0, "x": 0, "y": 0, "curve": "stepped" },
					{ "time": 0.2, "x": 0, "y": 0 },
					{ "time": 0.3333, "x": 8.62, "y": 0.95 },
					{ "time": 0.4666, "x": 0, "y": 0, "curve": "stepped" },
					{ "time": 0.8666, "x": 0, "y": 0 },
					{ "time": 1, "x": 8.62, "y": 0.95 },
					{ "time": 1.1333, "x": 0, "y": 0, "curve": "stepped" },
					{ "time": 1.3333, "x": 0, "y": 0 }
				],
				"scale": [
					{ "time": 0, "x": 1, "y": 1, "curve": "stepped" },
					{ "time": 1.3333, "x": 1, "y": 1 }
				]
			},
			"head": {
				"rotate": [
					{ "time": 0, "angle": 0, "curve": "stepped" },
					{ "time": 1.3333, "angle": 0 }
				],
				"translate": [
					{ "time": 0, "x": 0, "y": 0, "curve": "stepped" },
					{
						"time": 0.2333,
						"x": 0,
						"y": 0,
						"curve": [ 0.25, 0, 0.75, 1 ]
					},
					{
						"time": 0.3333,
						"x": 1.98,
						"y": 0,
						"curve": [ 0.25, 0, 0.75, 1 ]
					},
					{ "time": 0.4333, "x": 0, "y": 0, "curve": "stepped" },
					{
						"time": 0.9,
						"x": 0,
						"y": 0,
						"curve": [ 0.25, 0, 0.75, 1 ]
					},
					{
						"time": 1,
						"x": 1.98,
						"y": 0,
						"curve": [ 0.25, 0, 0.75, 1 ]
					},
					{ "time": 1.1, "x": 0, "y": 0, "curve": "stepped" },
					{ "time": 1.3333, "x": 0, "y": 0 }
				],
				"scale": [
					{ "time": 0, "x": 1, "y": 1, "curve": "stepped" },
					{ "time": 1.3333, "x": 1, "y": 1 }
				]
			},
			"leg_top_r": {
				"rotate": [
					{ "time": 0, "angle": -26.24 },
					{ "time": 0.3333, "angle": -399.33 },
					{ "time": 1, "angle": 0 },
					{ "time": 1.3333, "angle": -26.24 }
				],
				"translate": [
					{ "time": 0, "x": 5.74, "y": 22.99 },
					{ "time": 0.3333, "x": -2.87, "y": -0.95 },
					{ "time": 1, "x": 0, "y": 0 },
					{ "time": 1.3333, "x": 5.74, "y": 22.99 }
				],
				"scale": [
					{ "time": 0, "x": 0.851, "y": 1 },
					{ "time": 0.3333, "x": 1, "y": 1 },
					{ "time": 1.3333, "x": 0.851, "y": 1 }
				]
			},
			"leg_btm_r": {
				"rotate": [
					{ "time": 0, "angle": 49.69 },
					{ "time": 0.3333, "angle": 39.33 },
					{ "time": 1, "angle": 0 },
					{ "time": 1.3333, "angle": 49.69 }
				],
				"translate": [
					{ "time": 0, "x": 0, "y": 0, "curve": "stepped" },
					{ "time": 1.3333, "x": 0, "y": 0 }
				],
				"scale": [
					{ "time": 0, "x": 1, "y": 1, "curve": "stepped" },
					{ "time": 1.3333, "x": 1, "y": 1 }
				]
			},
			"leg_top_l": {
				"rotate": [
					{ "time": 0, "angle": 9.13 },
					{ "time": 0.3333, "angle": -341.73 },
					{ "time": 0.6666, "angle": -375.8 },
					{ "time": 1, "angle": -30 },
					{ "time": 1.3333, "angle": 9.13 }
				],
				"translate": [
					{ "time": 0, "x": 0, "y": -0.47 },
					{ "time": 0.3333, "x": 0, "y": -0.95 },
					{ "time": 0.6666, "x": 1.91, "y": 22.99 },
					{ "time": 1, "x": 0, "y": 0 },
					{ "time": 1.3333, "x": 0, "y": -0.47 }
				],
				"scale": [
					{ "time": 0, "x": 1, "y": 1, "curve": "stepped" },
					{ "time": 1.3333, "x": 1, "y": 1 }
				]
			},
			"leg_btm_l": {
				"rotate": [
					{ "time": 0, "angle": -9.95 },
					{ "time": 0.3333, "angle": -379.9 },
					{ "time": 0.6666, "angle": -323.53 },
					{ "time": 1, "angle": 30 },
					{ "time": 1.3333, "angle": -9.95 }
				],
				"translate": [
					{ "time": 0, "x": 0, "y": 0, "curve": "stepped" },
					{ "time": 0.3333, "x": 0, "y": 0, "curve": "stepped" },
					{ "time": 1.3333, "x": 0, "y": 0 }
				],
				"scale": [
					{ "time": 0, "x": 1, "y": 1, "curve": "stepped" },
					{ "time": 1.3333, "x": 1, "y": 1 }
				]
			},
			"arm_btm_r": {
				"rotate": [
					{ "time": 0, "angle": 2.32 },
					{ "time": 0.3333, "angle": -2.67 },
					{ "time": 0.6666, "angle": 2.32 },
					{ "time": 1, "angle": -2.67 },
					{ "time": 1.3333, "angle": 2.32 }
				],
				"translate": [
					{ "time": 0, "x": 0, "y": 0, "curve": "stepped" },
					{ "time": 1.3333, "x": 0, "y": 0 }
				],
				"scale": [
					{ "time": 0, "x": 1, "y": 1, "curve": "stepped" },
					{ "time": 1.3333, "x": 1, "y": 1 }
				]
			},
			"arm_btm_l": {
				"rotate": [
					{ "time": 0, "angle": 2.75, "curve": "stepped" },
					{ "time": 1.3333, "angle": 2.75 }
				],
				"translate": [
					{ "time": 0, "x": 0, "y": 0, "curve": "stepped" },
					{ "time": 1.3333, "x": 0, "y": 0 }
				],
				"scale": [
					{ "time": 0, "x": 1, "y": 1, "curve": "stepped" },
					{ "time": 1.3333, "x": 1, "y": 1 }
				]
			},
			"foot_front_l": {
				"rotate": [
					{ "time": 0, "angle": 0, "curve": "stepped" },
					{ "time": 1.3333, "angle": 0 }
				],
				"translate": [
					{ "time": 0, "x": 0, "y": 0, "curve": "stepped" },
					{ "time": 1.3333, "x": 0, "y": 0 }
				],
				"scale": [
					{ "time": 0, "x": 1, "y": 1, "curve": "stepped" },
					{ "time": 1.3333, "x": 1, "y": 1 }
				]
			},
			"foot_back_l": {
				"rotate": [
					{ "time": 0, "angle": 0, "curve": "stepped" },
					{ "time": 1.3333, "angle": 0 }
				],
				"translate": [
					{ "time": 0, "x": 0, "y": 0, "curve": "stepped" },
					{ "time": 1.3333, "x": 0, "y": 0 }
				],
				"scale": [
					{ "time": 0, "x": 1, "y": 1, "curve": "stepped" },
					{ "time": 1.3333, "x": 1, "y": 1 }
				]
			},
			"foot_front_r": {
				"rotate": [
					{ "time": 0, "angle": 25.43, "curve": "stepped" },
					{ "time": 0.1666, "angle": 25.43 },
					{ "time": 0.3333, "angle": 0, "curve": "stepped" },
					{ "time": 1, "angle": 0 },
					{ "time": 1.3333, "angle": 25.43 }
				],
				"translate": [
					{ "time": 0, "x": 0, "y": 0, "curve": "stepped" },
					{ "time": 1.3333, "x": 0, "y": 0 }
				],
				"scale": [
					{ "time": 0, "x": 1, "y": 1, "curve": "stepped" },
					{ "time": 1.3333, "x": 1, "y": 1 }
				]
			},
			"foot_back_r": {
				"rotate": [
					{ "time": 0, "angle": -23.87, "curve": "stepped" },
					{ "time": 0.1666, "angle": -23.87 },
					{ "time": 0.3333, "angle": 0, "curve": "stepped" },
					{ "time": 1, "angle": 0 },
					{ "time": 1.3333, "angle": -23.87 }
				],
				"translate": [
					{ "time": 0, "x": 0, "y": 0, "curve": "stepped" },
					{ "time": 1.3333, "x": 0, "y": 0 }
				],
				"scale": [
					{ "time": 0, "x": 1, "y": 1, "curve": "stepped" },
					{ "time": 1.3333, "x": 1, "y": 1 }
				]
			},
			"arm_l_claw_l": {
				"rotate": [
					{ "time": 0, "angle": 0, "curve": "stepped" },
					{ "time": 1.3333, "angle": 0 }
				],
				"translate": [
					{ "time": 0, "x": 0, "y": 0, "curve": "stepped" },
					{ "time": 1.3333, "x": 0, "y": 0 }
				],
				"scale": [
					{ "time": 0, "x": 1, "y": 1, "curve": "stepped" },
					{ "time": 1.3333, "x": 1, "y": 1 }
				]
			},
			"arm_l_claw_r": {
				"rotate": [
					{ "time": 0, "angle": 0, "curve": "stepped" },
					{ "time": 1.3333, "angle": 0 }
				],
				"translate": [
					{ "time": 0, "x": 0, "y": 0, "curve": "stepped" },
					{ "time": 1.3333, "x": 0, "y": 0 }
				],
				"scale": [
					{ "time": 0, "x": 1, "y": 1, "curve": "stepped" },
					{ "time": 1.3333, "x": 1, "y": 1 }
				]
			},
			"arm_r_claw_l": {
				"rotate": [
					{ "time": 0, "angle": 0, "curve": "stepped" },
					{ "time": 1.3333, "angle": 0 }
				],
				"translate": [
					{ "time": 0, "x": 0, "y": 0, "curve": "stepped" },
					{ "time": 1.3333, "x": 0, "y": 0 }
				],
				"scale": [
					{ "time": 0, "x": 1, "y": 1, "curve": "stepped" },
					{ "time": 1.3333, "x": 1, "y": 1 }
				]
			},
			"arm_r_claw_r": {
				"rotate": [
					{ "time": 0, "angle": 0, "curve": "stepped" },
					{ "time": 1.3333, "angle": 0 }
				],
				"translate": [
					{ "time": 0, "x": 0, "y": 0, "curve": "stepped" },
					{ "time": 1.3333, "x": 0, "y": 0 }
				],
				"scale": [
					{ "time": 0, "x": 1, "y": 1, "curve": "stepped" },
					{ "time": 1.3333, "x": 1, "y": 1 }
				]
			},
			"back": {
				"rotate": [
					{ "time": 0, "angle": 0, "curve": "stepped" },
					{ "time": 1.3333, "angle": 0 }
				],
				"translate": [
					{ "time": 0, "x": 0, "y": 0, "curve": "stepped" },
					{ "time": 0.2, "x": 0, "y": 0 },
					{ "time": 0.3333, "x": -3.83, "y": 0 },
					{ "time": 0.4666, "x": 0, "y": 0, "curve": "stepped" },
					{ "time": 0.8666, "x": 0, "y": 0 },
					{ "time": 1, "x": -3.83, "y": 0 },
					{ "time": 1.1333, "x": 0, "y": 0, "curve": "stepped" },
					{ "time": 1.3333, "x": 0, "y": 0 }
				],
				"scale": [
					{ "time": 0, "x": 1, "y": 1, "curve": "stepped" },
					{ "time": 1.3333, "x": 1, "y": 1 }
				]
			},
			"funnel_001": {
				"rotate": [
					{ "time": 0, "angle": 0, "curve": "stepped" },
					{ "time": 0.2333, "angle": 0 },
					{ "time": 0.3666, "angle": 3.52 },
					{ "time": 0.5, "angle": 0, "curve": "stepped" },
					{ "time": 0.9, "angle": 0 },
					{ "time": 1.0333, "angle": 3.52 },
					{ "time": 1.1666, "angle": 0, "curve": "stepped" },
					{ "time": 1.3333, "angle": 0 }
				],
				"translate": [
					{ "time": 0, "x": 0, "y": 0, "curve": "stepped" },
					{ "time": 0.2333, "x": 0, "y": 0 },
					{ "time": 0.3666, "x": 4.79, "y": 0 },
					{ "time": 0.5, "x": 0, "y": 0, "curve": "stepped" },
					{ "time": 0.9, "x": 0, "y": 0 },
					{ "time": 1.0333, "x": 4.79, "y": 0 },
					{ "time": 1.1666, "x": 0, "y": 0, "curve": "stepped" },
					{ "time": 1.3333, "x": 0, "y": 0 }
				],
				"scale": [
					{ "time": 0, "x": 1, "y": 1, "curve": "stepped" },
					{ "time": 1.3333, "x": 1, "y": 1 }
				]
			},
			"cog_001": {
				"rotate": [
					{ "time": 0, "angle": -90 },
					{ "time": 0.3333, "angle": 180 },
					{ "time": 1, "angle": -360 },
					{ "time": 1.3333, "angle": -90 }
				],
				"translate": [
					{ "time": 0, "x": 0, "y": 0, "curve": "stepped" },
					{ "time": 1.3333, "x": 0, "y": 0 }
				],
				"scale": [
					{ "time": 0, "x": 1, "y": 1, "curve": "stepped" },
					{ "time": 1.3333, "x": 1, "y": 1 }
				]
			},
			"funnel_002": {
				"rotate": [
					{ "time": 0, "angle": 0, "curve": "stepped" },
					{ "time": 1.3333, "angle": 0 }
				],
				"translate": [
					{ "time": 0, "x": 0, "y": 0, "curve": "stepped" },
					{ "time": 0.2333, "x": 0, "y": 0 },
					{ "time": 0.3666, "x": 0.95, "y": 0 },
					{ "time": 0.5, "x": 0, "y": 0, "curve": "stepped" },
					{ "time": 0.9, "x": 0, "y": 0 },
					{ "time": 1.0333, "x": 0.95, "y": 0 },
					{ "time": 1.1666, "x": 0, "y": 0, "curve": "stepped" },
					{ "time": 1.3333, "x": 0, "y": 0 }
				],
				"scale": [
					{ "time": 0, "x": 1, "y": 1, "curve": "stepped" },
					{ "time": 1.3333, "x": 1, "y": 1 }
				]
			},
			"cog_002": {
				"rotate": [
					{ "time": 0, "angle": -120 },
					{ "time": 0.1666, "angle": 180 },
					{ "time": 0.6666, "angle": -360 },
					{ "time": 1.3333, "angle": -120 }
				],
				"translate": [
					{ "time": 0, "x": 0, "y": 0, "curve": "stepped" },
					{ "time": 1.3333, "x": 0, "y": 0 }
				],
				"scale": [
					{ "time": 0, "x": 1, "y": 1, "curve": "stepped" },
					{ "time": 1.3333, "x": 1, "y": 1 }
				]
			}
		}
	}
}
}