{"frames": {

"airship_day.png":
{
	"frame": {"x":640,"y":924,"w":154,"h":130},
	"rotated": false,
	"trimmed": true,
	"spriteSourceSize": {"x":0,"y":0,"w":154,"h":130},
	"sourceSize": {"w":153,"h":129},
	"pivot": {"x":0.5,"y":0.5}
},
"airship_night.png":
{
	"frame": {"x":146,"y":1856,"w":154,"h":130},
	"rotated": false,
	"trimmed": true,
	"spriteSourceSize": {"x":0,"y":0,"w":154,"h":130},
	"sourceSize": {"w":153,"h":129},
	"pivot": {"x":0.5,"y":0.5}
},
"btn_joystick_pad.png":
{
	"frame": {"x":748,"y":78,"w":228,"h":228},
	"rotated": false,
	"trimmed": true,
	"spriteSourceSize": {"x":0,"y":0,"w":228,"h":228},
	"sourceSize": {"w":227,"h":227},
	"pivot": {"x":0.5,"y":0.5}
},
"btn_joystick_stick.png":
{
	"frame": {"x":812,"y":754,"w":110,"h":110},
	"rotated": false,
	"trimmed": false,
	"spriteSourceSize": {"x":0,"y":0,"w":110,"h":110},
	"sourceSize": {"w":110,"h":110},
	"pivot": {"x":0.5,"y":0.5}
},
"btn_rotate.png":
{
	"frame": {"x":812,"y":866,"w":110,"h":110},
	"rotated": false,
	"trimmed": false,
	"spriteSourceSize": {"x":0,"y":0,"w":110,"h":110},
	"sourceSize": {"w":110,"h":110},
	"pivot": {"x":0.5,"y":0.5}
},
"btn_shoot.png":
{
	"frame": {"x":302,"y":1828,"w":110,"h":110},
	"rotated": false,
	"trimmed": false,
	"spriteSourceSize": {"x":0,"y":0,"w":110,"h":110},
	"sourceSize": {"w":110,"h":110},
	"pivot": {"x":0.5,"y":0.5}
},
"cloud_001.png":
{
	"frame": {"x":2,"y":744,"w":638,"h":120},
	"rotated": false,
	"trimmed": false,
	"spriteSourceSize": {"x":0,"y":0,"w":638,"h":120},
	"sourceSize": {"w":638,"h":120},
	"pivot": {"x":0.5,"y":0.5}
},
"cloud_002.png":
{
	"frame": {"x":392,"y":1706,"w":552,"h":92},
	"rotated": false,
	"trimmed": false,
	"spriteSourceSize": {"x":0,"y":0,"w":552,"h":92},
	"sourceSize": {"w":552,"h":92},
	"pivot": {"x":0.5,"y":0.5}
},
"cloud_003.png":
{
	"frame": {"x":2,"y":866,"w":636,"h":68},
	"rotated": false,
	"trimmed": true,
	"spriteSourceSize": {"x":0,"y":0,"w":636,"h":68},
	"sourceSize": {"w":636,"h":67},
	"pivot": {"x":0.5,"y":0.5}
},
"drop_off.png":
{
	"frame": {"x":748,"y":472,"w":176,"h":280},
	"rotated": false,
	"trimmed": false,
	"spriteSourceSize": {"x":0,"y":0,"w":176,"h":280},
	"sourceSize": {"w":176,"h":280},
	"pivot": {"x":0.5,"y":0.5}
},
"fg_end_l.png":
{
	"frame": {"x":2,"y":2,"w":744,"h":740},
	"rotated": false,
	"trimmed": true,
	"spriteSourceSize": {"x":0,"y":0,"w":744,"h":740},
	"sourceSize": {"w":950,"h":740},
	"pivot": {"x":0.5,"y":0.5}
},
"fg_end_r.png":
{
	"frame": {"x":2,"y":936,"w":590,"h":768},
	"rotated": false,
	"trimmed": true,
	"spriteSourceSize": {"x":360,"y":0,"w":590,"h":768},
	"sourceSize": {"w":950,"h":768},
	"pivot": {"x":0.5,"y":0.5}
},
"obstacle_gieser_off.png":
{
	"frame": {"x":2,"y":1994,"w":150,"h":42},
	"rotated": false,
	"trimmed": true,
	"spriteSourceSize": {"x":0,"y":0,"w":150,"h":42},
	"sourceSize": {"w":149,"h":42},
	"pivot": {"x":0.5,"y":0.5}
},
"pick_up_health_small.png":
{
	"frame": {"x":2,"y":1706,"w":148,"h":148},
	"rotated": false,
	"trimmed": false,
	"spriteSourceSize": {"x":0,"y":0,"w":148,"h":148},
	"sourceSize": {"w":148,"h":148},
	"pivot": {"x":0.5,"y":0.5}
},
"pick_up_shield.png":
{
	"frame": {"x":152,"y":1706,"w":120,"h":120},
	"rotated": false,
	"trimmed": true,
	"spriteSourceSize": {"x":0,"y":0,"w":120,"h":120},
	"sourceSize": {"w":119,"h":119},
	"pivot": {"x":0.5,"y":0.5}
},
"projectile_claw_closed.png":
{
	"frame": {"x":952,"y":308,"w":56,"h":32},
	"rotated": false,
	"trimmed": true,
	"spriteSourceSize": {"x":0,"y":0,"w":56,"h":32},
	"sourceSize": {"w":55,"h":31},
	"pivot": {"x":0.5,"y":0.5}
},
"projectile_claw_open.png":
{
	"frame": {"x":952,"y":342,"w":50,"h":36},
	"rotated": false,
	"trimmed": false,
	"spriteSourceSize": {"x":0,"y":0,"w":50,"h":36},
	"sourceSize": {"w":50,"h":36},
	"pivot": {"x":0.5,"y":0.5}
},
"projectile_slime.png":
{
	"frame": {"x":952,"y":380,"w":50,"h":18},
	"rotated": false,
	"trimmed": true,
	"spriteSourceSize": {"x":0,"y":0,"w":50,"h":18},
	"sourceSize": {"w":49,"h":17},
	"pivot": {"x":0.5,"y":0.5}
},
"rustbucket_day.png":
{
	"frame": {"x":594,"y":1056,"w":392,"h":188},
	"rotated": false,
	"trimmed": false,
	"spriteSourceSize": {"x":0,"y":0,"w":392,"h":188},
	"sourceSize": {"w":392,"h":188},
	"pivot": {"x":0.5,"y":0.5}
},
"rustbucket_night.png":
{
	"frame": {"x":594,"y":1246,"w":392,"h":188},
	"rotated": false,
	"trimmed": false,
	"spriteSourceSize": {"x":0,"y":0,"w":392,"h":188},
	"sourceSize": {"w":392,"h":188},
	"pivot": {"x":0.5,"y":0.5}
},
"scenery_basket.png":
{
	"frame": {"x":982,"y":2,"w":40,"h":36},
	"rotated": false,
	"trimmed": true,
	"spriteSourceSize": {"x":0,"y":0,"w":40,"h":36},
	"sourceSize": {"w":40,"h":35},
	"pivot": {"x":0.5,"y":0.5}
},
"scenery_boulder_001.png":
{
	"frame": {"x":980,"y":76,"w":32,"h":16},
	"rotated": false,
	"trimmed": false,
	"spriteSourceSize": {"x":0,"y":0,"w":32,"h":16},
	"sourceSize": {"w":32,"h":16},
	"pivot": {"x":0.5,"y":0.5}
},
"scenery_boulder_002.png":
{
	"frame": {"x":978,"y":110,"w":30,"h":26},
	"rotated": false,
	"trimmed": true,
	"spriteSourceSize": {"x":0,"y":0,"w":30,"h":26},
	"sourceSize": {"w":29,"h":25},
	"pivot": {"x":0.5,"y":0.5}
},
"scenery_boulder_003.png":
{
	"frame": {"x":982,"y":40,"w":36,"h":16},
	"rotated": false,
	"trimmed": false,
	"spriteSourceSize": {"x":0,"y":0,"w":36,"h":16},
	"sourceSize": {"w":36,"h":16},
	"pivot": {"x":0.5,"y":0.5}
},
"scenery_boulder_004.png":
{
	"frame": {"x":980,"y":58,"w":34,"h":16},
	"rotated": false,
	"trimmed": true,
	"spriteSourceSize": {"x":0,"y":0,"w":34,"h":16},
	"sourceSize": {"w":33,"h":15},
	"pivot": {"x":0.5,"y":0.5}
},
"scenery_boulder_005.png":
{
	"frame": {"x":978,"y":94,"w":32,"h":14},
	"rotated": false,
	"trimmed": false,
	"spriteSourceSize": {"x":0,"y":0,"w":32,"h":14},
	"sourceSize": {"w":32,"h":14},
	"pivot": {"x":0.5,"y":0.5}
},
"scenery_umbrella.png":
{
	"frame": {"x":2,"y":1856,"w":142,"h":136},
	"rotated": false,
	"trimmed": true,
	"spriteSourceSize": {"x":0,"y":0,"w":142,"h":136},
	"sourceSize": {"w":142,"h":135},
	"pivot": {"x":0.5,"y":0.5}
},
"shield_btm.png":
{
	"frame": {"x":642,"y":754,"w":168,"h":168},
	"rotated": false,
	"trimmed": false,
	"spriteSourceSize": {"x":0,"y":0,"w":168,"h":168},
	"sourceSize": {"w":168,"h":168},
	"pivot": {"x":0.5,"y":0.5}
},
"shield_top.png":
{
	"frame": {"x":926,"y":702,"w":72,"h":168},
	"rotated": false,
	"trimmed": true,
	"spriteSourceSize": {"x":96,"y":0,"w":72,"h":168},
	"sourceSize": {"w":168,"h":168},
	"pivot": {"x":0.5,"y":0.5}
},
"stinkfly.png":
{
	"frame": {"x":274,"y":1706,"w":116,"h":120},
	"rotated": false,
	"trimmed": true,
	"spriteSourceSize": {"x":24,"y":0,"w":116,"h":120},
	"sourceSize": {"w":165,"h":165},
	"pivot": {"x":0.5,"y":0.5}
},
"target_bench.png":
{
	"frame": {"x":154,"y":1988,"w":132,"h":42},
	"rotated": false,
	"trimmed": true,
	"spriteSourceSize": {"x":0,"y":0,"w":132,"h":42},
	"sourceSize": {"w":132,"h":41},
	"pivot": {"x":0.5,"y":0.5}
},
"target_sign.png":
{
	"frame": {"x":926,"y":472,"w":80,"h":148},
	"rotated": false,
	"trimmed": true,
	"spriteSourceSize": {"x":0,"y":0,"w":80,"h":148},
	"sourceSize": {"w":79,"h":148},
	"pivot": {"x":0.5,"y":0.5}
},
"target_tent.png":
{
	"frame": {"x":748,"y":308,"w":202,"h":162},
	"rotated": false,
	"trimmed": false,
	"spriteSourceSize": {"x":0,"y":0,"w":202,"h":162},
	"sourceSize": {"w":202,"h":162},
	"pivot": {"x":0.5,"y":0.5}
},
"ui_health_bar.png":
{
	"frame": {"x":748,"y":2,"w":232,"h":38},
	"rotated": false,
	"trimmed": true,
	"spriteSourceSize": {"x":0,"y":0,"w":232,"h":38},
	"sourceSize": {"w":232,"h":37},
	"pivot": {"x":0.5,"y":0.5}
},
"ui_health_fill.png":
{
	"frame": {"x":748,"y":42,"w":230,"h":34},
	"rotated": false,
	"trimmed": true,
	"spriteSourceSize": {"x":0,"y":0,"w":230,"h":34},
	"sourceSize": {"w":229,"h":34},
	"pivot": {"x":0.5,"y":0.5}
},
"ui_health_icon.png":
{
	"frame": {"x":926,"y":622,"w":76,"h":78},
	"rotated": false,
	"trimmed": true,
	"spriteSourceSize": {"x":0,"y":0,"w":76,"h":78},
	"sourceSize": {"w":77,"h":77},
	"pivot": {"x":0.5,"y":0.5}
},
"ui_saved.png":
{
	"frame": {"x":796,"y":978,"w":154,"h":60},
	"rotated": false,
	"trimmed": true,
	"spriteSourceSize": {"x":0,"y":0,"w":154,"h":60},
	"sourceSize": {"w":153,"h":60},
	"pivot": {"x":0.5,"y":0.5}
},
"ui_score.png":
{
	"frame": {"x":302,"y":1940,"w":148,"h":60},
	"rotated": false,
	"trimmed": true,
	"spriteSourceSize": {"x":0,"y":0,"w":148,"h":60},
	"sourceSize": {"w":153,"h":60},
	"pivot": {"x":0.5,"y":0.5}
}},
"meta": {
	"app": "http://www.codeandweb.com/texturepacker",
	"version": "1.0",
	"image": "game_0.png",
	"format": "RGBA8888",
	"size": {"w":1024,"h":2048},
	"scale": "0.5",
	"smartupdate": "$TexturePacker:SmartUpdate:3e3c9b1d1e6123ccd4af876b0625f75b:ff524956d1b24c40d4a26eb2cb0d01c9:3ab264abc936ca470c8a38e61e4dde36$"
}
}
