{"frames": {

"level_panel.png":
{
	"frame": {"x":2,"y":2,"w":1900,"h":254},
	"rotated": false,
	"trimmed": false,
	"spriteSourceSize": {"x":0,"y":0,"w":1900,"h":254},
	"sourceSize": {"w":1900,"h":254},
	"pivot": {"x":0.5,"y":0.5}
},
"page_counter_001.png":
{
	"frame": {"x":2,"y":1846,"w":230,"h":32},
	"rotated": false,
	"trimmed": true,
	"spriteSourceSize": {"x":8,"y":8,"w":230,"h":32},
	"sourceSize": {"w":246,"h":50},
	"pivot": {"x":0.5,"y":0.5}
},
"page_counter_002.png":
{
	"frame": {"x":38,"y":1804,"w":230,"h":32},
	"rotated": false,
	"trimmed": true,
	"spriteSourceSize": {"x":8,"y":8,"w":230,"h":32},
	"sourceSize": {"w":246,"h":50},
	"pivot": {"x":0.5,"y":0.5}
},
"page_counter_003.png":
{
	"frame": {"x":2,"y":1880,"w":230,"h":32},
	"rotated": false,
	"trimmed": true,
	"spriteSourceSize": {"x":8,"y":8,"w":230,"h":32},
	"sourceSize": {"w":246,"h":50},
	"pivot": {"x":0.5,"y":0.5}
},
"page_counter_004.png":
{
	"frame": {"x":2,"y":1914,"w":230,"h":32},
	"rotated": false,
	"trimmed": true,
	"spriteSourceSize": {"x":8,"y":8,"w":230,"h":32},
	"sourceSize": {"w":246,"h":50},
	"pivot": {"x":0.5,"y":0.5}
},
"particle_001.png":
{
	"frame": {"x":1904,"y":172,"w":58,"h":56},
	"rotated": false,
	"trimmed": true,
	"spriteSourceSize": {"x":0,"y":0,"w":58,"h":56},
	"sourceSize": {"w":58,"h":55},
	"pivot": {"x":0.5,"y":0.5}
},
"particle_002.png":
{
	"frame": {"x":1964,"y":264,"w":56,"h":58},
	"rotated": false,
	"trimmed": true,
	"spriteSourceSize": {"x":0,"y":0,"w":56,"h":58},
	"sourceSize": {"w":55,"h":57},
	"pivot": {"x":0.5,"y":0.5}
},
"particle_003.png":
{
	"frame": {"x":1970,"y":170,"w":60,"h":64},
	"rotated": false,
	"trimmed": true,
	"spriteSourceSize": {"x":0,"y":0,"w":60,"h":64},
	"sourceSize": {"w":60,"h":63},
	"pivot": {"x":0.5,"y":0.5}
},
"particle_004.png":
{
	"frame": {"x":2022,"y":278,"w":24,"h":24},
	"rotated": false,
	"trimmed": true,
	"spriteSourceSize": {"x":0,"y":0,"w":24,"h":24},
	"sourceSize": {"w":24,"h":23},
	"pivot": {"x":0.5,"y":0.5}
},
"particle_005.png":
{
	"frame": {"x":2,"y":294,"w":28,"h":28},
	"rotated": false,
	"trimmed": true,
	"spriteSourceSize": {"x":0,"y":0,"w":28,"h":28},
	"sourceSize": {"w":28,"h":27},
	"pivot": {"x":0.5,"y":0.5}
},
"particle_006.png":
{
	"frame": {"x":1904,"y":68,"w":72,"h":66},
	"rotated": false,
	"trimmed": true,
	"spriteSourceSize": {"x":0,"y":0,"w":72,"h":66},
	"sourceSize": {"w":71,"h":66},
	"pivot": {"x":0.5,"y":0.5}
},
"particle_007.png":
{
	"frame": {"x":1904,"y":2,"w":74,"h":64},
	"rotated": false,
	"trimmed": false,
	"spriteSourceSize": {"x":0,"y":0,"w":74,"h":64},
	"sourceSize": {"w":74,"h":64},
	"pivot": {"x":0.5,"y":0.5}
},
"particle_fire_projectile_00.png":
{
	"frame": {"x":1978,"y":68,"w":64,"h":34},
	"rotated": false,
	"trimmed": true,
	"spriteSourceSize": {"x":0,"y":16,"w":64,"h":34},
	"sourceSize": {"w":64,"h":64},
	"pivot": {"x":0.5,"y":0.5}
},
"particle_fire_projectile_01.png":
{
	"frame": {"x":1978,"y":104,"w":64,"h":34},
	"rotated": false,
	"trimmed": true,
	"spriteSourceSize": {"x":0,"y":16,"w":64,"h":34},
	"sourceSize": {"w":64,"h":64},
	"pivot": {"x":0.5,"y":0.5}
},
"particle_gas_particle_00.png":
{
	"frame": {"x":1980,"y":2,"w":64,"h":64},
	"rotated": false,
	"trimmed": false,
	"spriteSourceSize": {"x":0,"y":0,"w":64,"h":64},
	"sourceSize": {"w":64,"h":64},
	"pivot": {"x":0.5,"y":0.5}
},
"particle_gas_particle_01.png":
{
	"frame": {"x":68,"y":258,"w":22,"h":22},
	"rotated": false,
	"trimmed": false,
	"spriteSourceSize": {"x":0,"y":0,"w":22,"h":22},
	"sourceSize": {"w":22,"h":22},
	"pivot": {"x":0.5,"y":0.5}
},
"particle_player_hit_001.png":
{
	"frame": {"x":34,"y":258,"w":32,"h":22},
	"rotated": false,
	"trimmed": true,
	"spriteSourceSize": {"x":4,"y":10,"w":32,"h":22},
	"sourceSize": {"w":43,"h":41},
	"pivot": {"x":0.5,"y":0.5}
},
"particle_robot_001.png":
{
	"frame": {"x":196,"y":284,"w":56,"h":50},
	"rotated": false,
	"trimmed": true,
	"spriteSourceSize": {"x":0,"y":0,"w":56,"h":50},
	"sourceSize": {"w":55,"h":49},
	"pivot": {"x":0.5,"y":0.5}
},
"particle_robot_002.png":
{
	"frame": {"x":2,"y":1804,"w":34,"h":40},
	"rotated": false,
	"trimmed": true,
	"spriteSourceSize": {"x":0,"y":0,"w":34,"h":40},
	"sourceSize": {"w":33,"h":40},
	"pivot": {"x":0.5,"y":0.5}
},
"particle_robot_003.png":
{
	"frame": {"x":2032,"y":190,"w":14,"h":14},
	"rotated": false,
	"trimmed": true,
	"spriteSourceSize": {"x":0,"y":0,"w":14,"h":14},
	"sourceSize": {"w":14,"h":13},
	"pivot": {"x":0.5,"y":0.5}
},
"particle_robot_004.png":
{
	"frame": {"x":2032,"y":170,"w":14,"h":18},
	"rotated": false,
	"trimmed": true,
	"spriteSourceSize": {"x":0,"y":0,"w":14,"h":18},
	"sourceSize": {"w":13,"h":18},
	"pivot": {"x":0.5,"y":0.5}
},
"particle_robot_005.png":
{
	"frame": {"x":2,"y":1948,"w":32,"h":30},
	"rotated": false,
	"trimmed": false,
	"spriteSourceSize": {"x":0,"y":0,"w":32,"h":30},
	"sourceSize": {"w":32,"h":30},
	"pivot": {"x":0.5,"y":0.5}
},
"particle_robot_006.png":
{
	"frame": {"x":2,"y":324,"w":30,"h":16},
	"rotated": false,
	"trimmed": false,
	"spriteSourceSize": {"x":0,"y":0,"w":30,"h":16},
	"sourceSize": {"w":30,"h":16},
	"pivot": {"x":0.5,"y":0.5}
},
"particle_robot_007.png":
{
	"frame": {"x":2024,"y":236,"w":22,"h":40},
	"rotated": false,
	"trimmed": true,
	"spriteSourceSize": {"x":0,"y":0,"w":22,"h":40},
	"sourceSize": {"w":21,"h":40},
	"pivot": {"x":0.5,"y":0.5}
},
"particle_robot_008.png":
{
	"frame": {"x":2022,"y":304,"w":22,"h":38},
	"rotated": false,
	"trimmed": false,
	"spriteSourceSize": {"x":0,"y":0,"w":22,"h":38},
	"sourceSize": {"w":22,"h":38},
	"pivot": {"x":0.5,"y":0.5}
},
"particle_rocket_flame_00.png":
{
	"frame": {"x":1964,"y":236,"w":58,"h":26},
	"rotated": false,
	"trimmed": true,
	"spriteSourceSize": {"x":72,"y":0,"w":58,"h":26},
	"sourceSize": {"w":129,"h":26},
	"pivot": {"x":0.5,"y":0.5}
},
"particle_rocket_flame_01.png":
{
	"frame": {"x":68,"y":258,"w":22,"h":22},
	"rotated": false,
	"trimmed": false,
	"spriteSourceSize": {"x":0,"y":0,"w":22,"h":22},
	"sourceSize": {"w":22,"h":22},
	"pivot": {"x":0.5,"y":0.5}
},
"particle_slime_projectile_00.png":
{
	"frame": {"x":1904,"y":136,"w":64,"h":34},
	"rotated": false,
	"trimmed": true,
	"spriteSourceSize": {"x":0,"y":16,"w":64,"h":34},
	"sourceSize": {"w":64,"h":64},
	"pivot": {"x":0.5,"y":0.5}
},
"particle_slime_projectile_01.png":
{
	"frame": {"x":2,"y":258,"w":30,"h":34},
	"rotated": false,
	"trimmed": true,
	"spriteSourceSize": {"x":16,"y":16,"w":30,"h":34},
	"sourceSize": {"w":64,"h":64},
	"pivot": {"x":0.5,"y":0.5}
},
"particle_smoke_001.png":
{
	"frame": {"x":254,"y":284,"w":52,"h":42},
	"rotated": false,
	"trimmed": false,
	"spriteSourceSize": {"x":0,"y":0,"w":52,"h":42},
	"sourceSize": {"w":52,"h":42},
	"pivot": {"x":0.5,"y":0.5}
},
"particle_smoke_002.png":
{
	"frame": {"x":34,"y":284,"w":50,"h":54},
	"rotated": false,
	"trimmed": true,
	"spriteSourceSize": {"x":0,"y":0,"w":50,"h":54},
	"sourceSize": {"w":50,"h":53},
	"pivot": {"x":0.5,"y":0.5}
},
"particle_smoke_003.png":
{
	"frame": {"x":362,"y":284,"w":50,"h":42},
	"rotated": false,
	"trimmed": true,
	"spriteSourceSize": {"x":0,"y":0,"w":50,"h":42},
	"sourceSize": {"w":50,"h":41},
	"pivot": {"x":0.5,"y":0.5}
},
"particle_smoke_004.png":
{
	"frame": {"x":1904,"y":230,"w":58,"h":52},
	"rotated": false,
	"trimmed": true,
	"spriteSourceSize": {"x":0,"y":0,"w":58,"h":52},
	"sourceSize": {"w":57,"h":52},
	"pivot": {"x":0.5,"y":0.5}
},
"particle_steam_001.png":
{
	"frame": {"x":308,"y":284,"w":52,"h":42},
	"rotated": false,
	"trimmed": false,
	"spriteSourceSize": {"x":0,"y":0,"w":52,"h":42},
	"sourceSize": {"w":52,"h":42},
	"pivot": {"x":0.5,"y":0.5}
},
"particle_steam_002.png":
{
	"frame": {"x":144,"y":284,"w":50,"h":52},
	"rotated": false,
	"trimmed": true,
	"spriteSourceSize": {"x":0,"y":0,"w":50,"h":52},
	"sourceSize": {"w":50,"h":53},
	"pivot": {"x":0.5,"y":0.5}
},
"particle_steam_003.png":
{
	"frame": {"x":414,"y":284,"w":50,"h":42},
	"rotated": false,
	"trimmed": true,
	"spriteSourceSize": {"x":0,"y":0,"w":50,"h":42},
	"sourceSize": {"w":50,"h":41},
	"pivot": {"x":0.5,"y":0.5}
},
"particle_steam_004.png":
{
	"frame": {"x":86,"y":284,"w":56,"h":52},
	"rotated": false,
	"trimmed": true,
	"spriteSourceSize": {"x":0,"y":0,"w":56,"h":52},
	"sourceSize": {"w":57,"h":52},
	"pivot": {"x":0.5,"y":0.5}
},
"particle_water_particle_00.png":
{
	"frame": {"x":1970,"y":140,"w":64,"h":28},
	"rotated": false,
	"trimmed": true,
	"spriteSourceSize": {"x":0,"y":18,"w":64,"h":28},
	"sourceSize": {"w":64,"h":64},
	"pivot": {"x":0.5,"y":0.5}
},
"pop_up_are_you_sure.png":
{
	"frame": {"x":2,"y":1086,"w":784,"h":430},
	"rotated": false,
	"trimmed": false,
	"spriteSourceSize": {"x":0,"y":0,"w":784,"h":430},
	"sourceSize": {"w":784,"h":430},
	"pivot": {"x":0.5,"y":0.5}
},
"stinkfly_endgame.png":
{
	"frame": {"x":2,"y":344,"w":432,"h":740},
	"rotated": false,
	"trimmed": true,
	"spriteSourceSize": {"x":0,"y":0,"w":432,"h":740},
	"sourceSize": {"w":431,"h":739},
	"pivot": {"x":0.5,"y":0.5}
},
"tutorial_desktop_001.png":
{
	"frame": {"x":2,"y":1518,"w":718,"h":284},
	"rotated": false,
	"trimmed": true,
	"spriteSourceSize": {"x":0,"y":0,"w":718,"h":284},
	"sourceSize": {"w":718,"h":283},
	"pivot": {"x":0.5,"y":0.5}
},
"tutorial_desktop_002.png":
{
	"frame": {"x":722,"y":1518,"w":718,"h":284},
	"rotated": false,
	"trimmed": true,
	"spriteSourceSize": {"x":0,"y":0,"w":718,"h":284},
	"sourceSize": {"w":718,"h":283},
	"pivot": {"x":0.5,"y":0.5}
},
"tutorial_desktop_003.png":
{
	"frame": {"x":788,"y":258,"w":718,"h":284},
	"rotated": false,
	"trimmed": true,
	"spriteSourceSize": {"x":0,"y":0,"w":718,"h":284},
	"sourceSize": {"w":718,"h":283},
	"pivot": {"x":0.5,"y":0.5}
},
"tutorial_desktop_004.png":
{
	"frame": {"x":788,"y":1116,"w":718,"h":282},
	"rotated": false,
	"trimmed": true,
	"spriteSourceSize": {"x":0,"y":0,"w":718,"h":282},
	"sourceSize": {"w":718,"h":283},
	"pivot": {"x":0.5,"y":0.5}
},
"tutorial_mobile_001.png":
{
	"frame": {"x":436,"y":544,"w":718,"h":284},
	"rotated": false,
	"trimmed": true,
	"spriteSourceSize": {"x":0,"y":0,"w":718,"h":284},
	"sourceSize": {"w":718,"h":283},
	"pivot": {"x":0.5,"y":0.5}
},
"tutorial_mobile_002.png":
{
	"frame": {"x":1156,"y":544,"w":718,"h":284},
	"rotated": false,
	"trimmed": true,
	"spriteSourceSize": {"x":0,"y":0,"w":718,"h":284},
	"sourceSize": {"w":718,"h":283},
	"pivot": {"x":0.5,"y":0.5}
},
"tutorial_mobile_003.png":
{
	"frame": {"x":788,"y":830,"w":718,"h":284},
	"rotated": false,
	"trimmed": true,
	"spriteSourceSize": {"x":0,"y":0,"w":718,"h":284},
	"sourceSize": {"w":718,"h":283},
	"pivot": {"x":0.5,"y":0.5}
},
"tutorial_mobile_004.png":
{
	"frame": {"x":788,"y":1116,"w":718,"h":282},
	"rotated": false,
	"trimmed": true,
	"spriteSourceSize": {"x":0,"y":0,"w":718,"h":282},
	"sourceSize": {"w":718,"h":283},
	"pivot": {"x":0.5,"y":0.5}
}},
"meta": {
	"app": "http://www.codeandweb.com/texturepacker",
	"version": "1.0",
	"image": "ui_0.png",
	"format": "RGBA8888",
	"size": {"w":2048,"h":2048},
	"scale": "0.5",
	"smartupdate": "$TexturePacker:SmartUpdate:8f31bc755d8f41b12cf1932071f567e0:072c8bd66405460dac7be88af9338df0:547e2d0ac6d5aadbb3e3827dd1550eda$"
}
}
