{"frames": {

"tile_bg_day.png":
{
	"frame": {"x":4,"y":1424,"w":950,"h":262},
	"rotated": false,
	"trimmed": true,
	"spriteSourceSize": {"x":0,"y":0,"w":950,"h":262},
	"sourceSize": {"w":950,"h":261},
	"pivot": {"x":0.5,"y":0.5}
},
"tile_bg_night.png":
{
	"frame": {"x":4,"y":1692,"w":950,"h":262},
	"rotated": false,
	"trimmed": true,
	"spriteSourceSize": {"x":0,"y":0,"w":950,"h":262},
	"sourceSize": {"w":950,"h":261},
	"pivot": {"x":0.5,"y":0.5}
},
"tile_fg_001.png":
{
	"frame": {"x":960,"y":1570,"w":944,"h":112},
	"rotated": false,
	"trimmed": true,
	"spriteSourceSize": {"x":4,"y":0,"w":944,"h":112},
	"sourceSize": {"w":950,"h":112},
	"pivot": {"x":0.5,"y":0.5}
},
"tile_fg_002.png":
{
	"frame": {"x":960,"y":1688,"w":934,"h":94},
	"rotated": false,
	"trimmed": true,
	"spriteSourceSize": {"x":0,"y":0,"w":934,"h":94},
	"sourceSize": {"w":950,"h":94},
	"pivot": {"x":0.5,"y":0.5}
},
"tile_mg_day_001.png":
{
	"frame": {"x":4,"y":1148,"w":950,"h":270},
	"rotated": false,
	"trimmed": true,
	"spriteSourceSize": {"x":0,"y":296,"w":950,"h":270},
	"sourceSize": {"w":950,"h":566},
	"pivot": {"x":0.5,"y":0.5}
},
"tile_mg_day_002.png":
{
	"frame": {"x":4,"y":4,"w":950,"h":566},
	"rotated": false,
	"trimmed": false,
	"spriteSourceSize": {"x":0,"y":0,"w":950,"h":566},
	"sourceSize": {"w":950,"h":566},
	"pivot": {"x":0.5,"y":0.5}
},
"tile_mg_day_003.png":
{
	"frame": {"x":960,"y":4,"w":950,"h":566},
	"rotated": false,
	"trimmed": false,
	"spriteSourceSize": {"x":0,"y":0,"w":950,"h":566},
	"sourceSize": {"w":950,"h":566},
	"pivot": {"x":0.5,"y":0.5}
},
"tile_mg_night_001.png":
{
	"frame": {"x":960,"y":1148,"w":950,"h":270},
	"rotated": false,
	"trimmed": true,
	"spriteSourceSize": {"x":0,"y":296,"w":950,"h":270},
	"sourceSize": {"w":950,"h":566},
	"pivot": {"x":0.5,"y":0.5}
},
"tile_mg_night_002.png":
{
	"frame": {"x":4,"y":576,"w":950,"h":566},
	"rotated": false,
	"trimmed": false,
	"spriteSourceSize": {"x":0,"y":0,"w":950,"h":566},
	"sourceSize": {"w":950,"h":566},
	"pivot": {"x":0.5,"y":0.5}
},
"tile_mg_night_003.png":
{
	"frame": {"x":960,"y":576,"w":950,"h":566},
	"rotated": false,
	"trimmed": false,
	"spriteSourceSize": {"x":0,"y":0,"w":950,"h":566},
	"sourceSize": {"w":950,"h":566},
	"pivot": {"x":0.5,"y":0.5}
},
"tile_path_001.png":
{
	"frame": {"x":960,"y":1424,"w":950,"h":140},
	"rotated": false,
	"trimmed": true,
	"spriteSourceSize": {"x":0,"y":0,"w":950,"h":140},
	"sourceSize": {"w":950,"h":139},
	"pivot": {"x":0.5,"y":0.5}
}},
"meta": {
	"app": "http://www.codeandweb.com/texturepacker",
	"version": "1.0",
	"image": "game_tiles_0.png",
	"format": "RGBA8888",
	"size": {"w":2048,"h":2048},
	"scale": "0.5",
	"smartupdate": "$TexturePacker:SmartUpdate:3e5eedb758114c4da3b33c2401d88069:89317d586a1dd127757a1ec6ad03de69:c4d73c3cc3a14ef65f31b2bb7d4ba60c$"
}
}
