{
	"alpha": {
		"start": 0.1,
		"end": 0
	},
	"scale": {
		"start": 0.5,
		"end": 1.5,
		"minimumScaleMultiplier": 2
	},
	"color": {
		"start": "#ffffff",
		"end": "#ffffff"
	},
	"speed": {
		"start": 60,
		"end": 60
	},
	"acceleration": {
		"x": 0,
		"y": 0
	},
	"startRotation": {
		"min": 260,
		"max": 280
	},
	"rotationSpeed": {
		"min": -90,
		"max": 90
	},
	"lifetime": {
		"min": 3,
		"max": 6
	},
	"blendMode": "normal",
	"frequency": 0.1,
	"emitterLifetime": -1,
	"maxParticles": 50,
	"pos": {
		"x": 0,
		"y": 0
	},
	"addAtBack": true,
	"spawnType": "point"
}