{
	"alpha": {
		"start": 0.1,
		"end": 0
	},
	"scale": {
		"start": 0.8,
		"end": 3,
		"minimumScaleMultiplier": 2
	},
	"color": {
		"start": "#ffffff",
		"end": "#ffffff"
	},
	"speed": {
		"start": 200,
		"end": 0
	},
	"acceleration": {
		"x": 6,
		"y": -100
	},
	"startRotation": {
		"min": 199,
		"max": 338
	},
	"rotationSpeed": {
		"min": -90,
		"max": 90
	},
	"lifetime": {
		"min": 0.6,
		"max": 1
	},
	"blendMode": "normal",
	"frequency": 0.025,
	"emitterLifetime": -1,
	"maxParticles": 50,
	"pos": {
		"x": 0,
		"y": 0
	},
	"addAtBack": true,
	"spawnType": "point"
}