{
	"alpha": {
		"start": 0.1,
		"end": 0
	},
	"scale": {
		"start": 0.2,
		"end": 1,
		"minimumScaleMultiplier": 2
	},
	"color": {
		"start": "#ffffff",
		"end": "#ffffff"
	},
	"speed": {
		"start": 30,
		"end": 30
	},
	"acceleration": {
		"x": 0,
		"y": 0
	},
	"startRotation": {
		"min": 260,
		"max": 280
	},
	"rotationSpeed": {
		"min": -90,
		"max": 90
	},
	"lifetime": {
		"min": 3,
		"max": 4
	},
	"blendMode": "normal",
	"frequency": 0.2,
	"emitterLifetime": -1,
	"maxParticles": 30,
	"pos": {
		"x": 0,
		"y": 0
	},
	"addAtBack": true,
	"spawnType": "point"
}