{
	"alpha": {
		"start": 1,
		"end": 0
	},
	"scale": {
		"start": 0.5,
		"end": 2,
		"minimumScaleMultiplier": 2
	},
	"color": {
		"start": "#ade1ff",
		"end": "#ffffff"
	},
	"speed": {
		"start": 1500,
		"end": -500
	},
	"acceleration": {
		"x": 0,
		"y": 0
	},
	"startRotation": {
		"min": 270,
		"max": 270
	},
	"rotationSpeed": {
		"min": 0,
		"max": 0
	},
	"lifetime": {
		"min": 0.2,
		"max": 1
	},
	"blendMode": "normal",
	"frequency": 0.025,
	"emitterLifetime": -1,
	"maxParticles": 50,
	"pos": {
		"x": 0,
		"y": 0
	},
	"addAtBack": true,
	"spawnType": "point"
}